title,push_num,link,content,comments
[新聞] 4300萬商辦買貴了？柯文哲：不可能　要是,41,https://www.ptt.cc/bbs/Gossiping/M.1724918229.A.64D.html,"作者ipipwrong (Guess)看板Gossiping標題[新聞] 4300萬商辦買貴了？柯文哲：不可能　要是時間Thu Aug 29 15:57:06 2024

1.媒體來源:
ettoday

2.記者署名:


3.完整新聞標題:
4300萬商辦買貴了？柯文哲：不可能　要是覺得貴「就不會買了」

4.完整新聞內文:
民眾黨主席柯文哲爭議不斷，除了政治獻金案以外，還有4300萬選舉補助款買商辦問題，
由於該商辦還有一家「先發興業公司」登記在此處，引發外界質疑，甚至爆出「買貴」等
疑惑。對此，柯文哲回應，不可能買貴，當時屋主要全家移民，所以急著脫手，是純粹買
賣行為。

柯文哲29日下午親自召開記者會回應政治獻金案，針對為什麼要挑選還有租約的商辦購買
，且疑似買貴？柯文哲回應，「買貴不可能，一定買比較便宜，你要是覺得貴，就不會去
買了。」

柯文哲提及，為什麼會在租約還在時購買，是因為屋主急著要脫手，對方要全家移民出去
，所以這是純粹的買賣行為，只是買的時候還有租賃契約在。


5.完整新聞連結 (或短網址)不可用YAHOO、LINE、MSN等轉載媒體:
https://www.ettoday.net/news/20240829/2806978.htm

6.備註:
※ 一個人一天只能張貼一則新聞(以天為單位)，被刪或自刪也算額度內，超貼者水桶，請注意
※ 備註請勿張貼三日內新聞(包含連結、標題等)",[]
[問卦] 台灣房地產的目標價是多少,1,https://www.ptt.cc/bbs/Gossiping/M.1724918233.A.8FE.html,"作者jaylee2901 ( ˋ(′o‵"")ˊ  )看板Gossiping標題[問卦] 台灣房地產的目標價是多少時間Thu Aug 29 15:57:11 2024
外資投信如果看好股票會出報告

報告都會說目標價多少

台灣房地產好像外資很少在炒

沒聽過租房子房東是外國人的

所以 外資有台灣房地產的目標價嗎

會不會台灣房子只有台灣人自己在炒

有無八卦？","[{'tag': '→', 'userid': 'james732', 'content': '∞'}]"
[問卦] 台大IU算是八卦兔兔的白月光嗎？,2,https://www.ptt.cc/bbs/Gossiping/M.1724918255.A.02E.html,"作者WeiU (台大IU)看板Gossiping標題[問卦] 台大IU算是八卦兔兔的白月光嗎？時間Thu Aug 29 15:57:32 2024

欸欸肥宅

小妹我台大IU

小妹我家兔兔說

我應該算是八卦兔兔心中的白月光

真的嗎？

但我家兔兔只說實話

八卦兔兔你們怎麼說

明天又要上班好煩哦

小妹我一點都不想上班

乾脆去韓國演藝圈出唱片好了

有卦嗎八卦兔兔",[]
Re: [新聞] 林依晨喊「我是成都人」挨轟 粉專對照謝,4,https://www.ptt.cc/bbs/Gossiping/M.1724918342.A.4B3.html,"作者eddisontw (沙丘)看板Gossiping標題Re: [新聞] 林依晨喊「我是成都人」挨轟 粉專對照謝時間Thu Aug 29 15:59:00 2024
這說法真的怪怪的

她明明就是在台灣出生
在台灣就學就業長大

爺爺是在成都出生
民國38年隨國民黨撤退來台

這樣頂多說自己祖籍是四川成都
怎麼會覺得自己是成都人

那一個日本人從小在日本出生長大
爺爺是灣生
民國34年隨同日本戰敗回日本
爺爺會講兩句台語

這樣會說自己是台灣人嗎???",[]
Re: [新聞] 財務爭議向小草道歉　柯文哲：你們省吃,,https://www.ptt.cc/bbs/Gossiping/M.1724918353.A.AF4.html,"作者chter ((分身別查了XD))看板Gossiping標題Re: [新聞] 財務爭議向小草道歉　柯文哲：你們省吃時間Thu Aug 29 15:59:11 2024
小草們嫌房價高買不起房

看到阿北的居住正義理念

開始省吃儉用

花錢參加阿北演唱會

花錢買週邊

然後再小額捐款

用金錢與行動支持阿北

最後阿北拿了7千多萬

拿其中4千多萬買商辦掛自己名下

而小草們依然沒錢買房

到底是小草長成大樹

還是大韭菜",[]
[新聞] 柯文哲暫卸黨主席3個月 代理人選由中央委,5,https://www.ptt.cc/bbs/Gossiping/M.1724918378.A.353.html,"作者shawnm80 (80)看板Gossiping標題[新聞] 柯文哲暫卸黨主席3個月 代理人選由中央委時間Thu Aug 29 15:59:35 2024
備註請放最後面 違者新聞文章刪除

1.媒體來源:
※ 例如蘋果日報、自由時報（請參考版規下方的核准媒體名單）
※ Yahoo、MSN、LINE等非直接官方新聞連結不被允許
聯合報

2.記者署名:
※ 若新聞沒有記者名字或編輯名字，請勿張貼，否則會被水桶14天
※ 外電至少要有來源或編輯 如:法新社
記者 林銘翰／台北即時報導

3.完整新聞標題:
※ 標題沒有完整寫出來",[]
[新聞] WHO警告：青少年越來越不愛用保險套,6,https://www.ptt.cc/bbs/Gossiping/M.1724918407.A.D03.html,"作者Adolf5566 (阿道夫五六)看板Gossiping標題[新聞] WHO警告：青少年越來越不愛用保險套時間Thu Aug 29 16:00:04 2024
1.媒體來源:
※ 例如蘋果日報、自由時報（請參考版規下方的核准媒體名單）
※ Yahoo、MSN、LINE等非直接官方新聞連結不被允許
自由

2.記者署名:
※ 若新聞沒有記者名字或編輯名字，請勿張貼，否則會被水桶14天
※ 外電至少要有來源或編輯 如:法新社
李欣潔／核稿編輯

3.完整新聞標題:
※ 標題沒有完整寫出來",[]
[問卦] 八卦板不是禁止漬sa文 那北科的怎麼可以,,https://www.ptt.cc/bbs/Gossiping/M.1724918422.A.AC3.html,"作者david0426 (軒軒寶貝)看板Gossiping標題[問卦] 八卦板不是禁止漬sa文 那北科的怎麼可以時間Thu Aug 29 16:00:20 2024
如題

看了北科學生跳樓的新聞

本人感到很遺憾

但八卦板不是禁止這種漬sa文嗎

還是因為是新聞所以可以發

聽完那個四十分鐘的錄音感覺北科那位學生講到都快哭了 真的辛苦了",[]
[問卦] 想捐款的話有推薦甚麼單位比較好??,8,https://www.ptt.cc/bbs/Gossiping/M.1724918446.A.FDF.html,"作者yahooxx (耶)看板Gossiping標題[問卦] 想捐款的話有推薦甚麼單位比較好??時間Thu Aug 29 16:00:44 2024
是這樣啦!!

魯叔最近投資股票小有獲利 想說來捐個小錢回饋一下社會

希望日後投資運氣持續累積下去

除了救助兒童的基金會和拯救浪浪的平常有在捐款之外

還有甚麼單位可以捐款???

有推薦的嗎??",[]
[問卦] 休息三個月的話，可以看多少書？,6,https://www.ptt.cc/bbs/Gossiping/M.1724918472.A.3E8.html,"作者nissan168 (pingGO)看板Gossiping標題[問卦] 休息三個月的話，可以看多少書？時間Thu Aug 29 16:01:10 2024
如果休息三個月的話，可以看多少書？可以思考多少人生大道理？可以有多少長進？

有沒有鄉民可以推薦一下？

最近人生迷茫，整天忙忙忙，真的太累了！

請問有解卦的嗎？",[]
[問卦] 要怎麼知道生殖系統健不健康阿,7,https://www.ptt.cc/bbs/Gossiping/M.1724918519.A.282.html,"作者o523874 (就買一個感覺)看板Gossiping標題[問卦] 要怎麼知道生殖系統健不健康阿時間Thu Aug 29 16:01:57 2024
安安

去醫院檢查我當然知道


但每天都摸小鳥鳥，至少可以基本判斷吧！

聽、聞、觸、打、嚐，總有一些跡象吧

怎麼樣才是一隻健康又強壯的小鳥鳥呢



沒聽過、看過總吃過吧！

版上幾千隻小鳥鳥，交流一下吧！！",[]
[問卦] 帳戶被匯錯7000多萬 是不是最麻煩的事?,5,https://www.ptt.cc/bbs/Gossiping/M.1724918552.A.6B6.html,"作者iphone55566 (哀鳳五)看板Gossiping標題[問卦] 帳戶被匯錯7000多萬 是不是最麻煩的事?時間Thu Aug 29 16:02:28 2024
之前在ptt看過一些匯錢爭議

就是對方匯錯 錢跑到到發文者的帳號

發文者是不想要的但又要花時間處理 沒補償、又被銀行施壓什麼的


匯錯的那方我能理解 少了錢肯定狂追猛追不然就損失了

被匯錢的就不同了 你不一定常常關注帳戶 電話通知來必定當對方詐騙要害你

                 當時看到的發文者都不想處理


有沒有匯錯錢的爭議的八卦?

誰的責任、誰有資格討、拿到錢的有義務要幫嗎?  卦?",[]
Re: [問卦] 大陸城中村都有人行道,,https://www.ptt.cc/bbs/Gossiping/M.1724918688.A.D93.html,"作者Lailungsheng (狼不會入眠)看板Gossiping標題Re: [問卦] 大陸城中村都有人行道時間Thu Aug 29 16:04:46 2024
※ 引述《ggyang (台灣問題專家)》之銘言
: https://i.imgur.com/tSBkYq5.jpeg
: https://i.imgur.com/ehQdOjK.jpeg
: 大陸城中村改造後都有鋪面人行道了
: 反觀台灣舊市區人行道用畫的是不是太敷衍了？
我用支那的玫瑰中國城講一個笑話，

在支那，有些中國城的聯外道路只有一條，因為它們是沿著山蓋起來的，

例如淡水到台北也是只有一條路（不過還有關渡大橋往五股，另一邊是往三峽，

所以出路還算多，歪了

有一天中國城中村有一群傻逼，說他們的聯外道路應該要有人行道，

然後...從此，再沒有貨車能送貨上山，

這群傻逼就餓死了，可喜可賀。",[]
[公告] 八卦板板規(2024.07.21),1,https://www.ptt.cc/bbs/Gossiping/M.1721519414.A.6A1.html,"作者lwt501cx (爆裂魔法Explosion！！)看板Gossiping標題[公告] 八卦板板規(2024.07.21)時間Sun Jul 21 07:50:10 2024
╭─────────────────────────────────────╮
│ 本板為PTT八卦板，文章、推文及板務處理原則均依循中華民國法律、站規規範發　│
│ 文者，不得因不知相關板規而免卻責任。                                     │
╰─────────────────────────────────────╯

第一章：文章管理

  第一條：〔總則〕
  ￣￣￣￣￣￣￣￣￣
 ‧ 八卦定義為「小道消息」、「花邊新聞」。討論人物需為公眾之人、事、物，
    凡是文章內容無八卦、與八卦無關者，板主得依本板規刪除。

 ‧ 經舉證該八卦文為虛構，文章予以刪除。經查有惡意造謠者，視同鬧板。

 ‧ 每日發文(含回文)額度，不得超過五篇。其中：

    1.問卦不得超過三篇
    2.新聞每一天只能張貼一篇(以天為單位)
    3.轉錄不得超過一篇(轉錄協尋文可超過一篇，
    但每天在板上的文章額度仍不可超過五篇)
    因任何原因自刪、被板主刪除或分身張貼，皆視同使用額度。
    每超貼一篇水桶一個月，兩篇給予水桶兩個月，依此類推。
    使用分身張貼文章，多個帳號加總發文超貼者，每個帳號應水桶一樣的時間。
    例如:A、B兩個帳號合計發了五篇問卦，則A、B兩帳號一同水桶兩個月。
    ‧濫用[協尋]文章者，水桶一個月。

‧  文章內容未滿30個字(正體中文)者，含未滿自刪或修改文章後未滿，水桶一個月
    文章內容未滿20個字(正體中文)者，含未滿自刪或修改文章後未滿，水桶二個月
    文章內容未滿10個字(正體中文)者，含未滿自刪或修改文章後未滿，水桶三個月

‧文章請使用本看板所提供之分類，自訂分類、雙分類或無分類、無標題之文章一律刪除。
  其違規文章勿回文，回文則一律刪除。
 轉錄文章則不限分類。

 ‧ 本板對於他板有符合時事下之重大、深入極具八卦內容之文章開放轉錄，為避免板
    友濫用，必須經過原發文者同意才能轉錄，限制一人一天一篇。轉錄文章若違反八
    卦板板規，板主可依相關板規處置。

 ‧ 禁止從站內信轉錄文章，違者刪除。若違反板規，如超貼、政問等，依板規處理。

    註：未經原發文者同意轉錄文章板主可給予刪除，此檢舉須由原發文者自行檢舉，
        ，目前不接受他人代為檢舉。


  第二條：〔問卦及爆卦類文章規範〕
  ￣￣￣￣￣￣￣￣￣￣￣￣￣￣￣￣
 ‧ 本條所指為張貼以[問卦]、[爆卦]為標題，或回覆文章目的為問卦或
 爆卦者均適用本條規定。

 ‧ 問卦文章每位使用者一天三篇為限，文章任何原因刪除仍適用問卦篇數額度，
    分身張貼亦算額度，超貼者依總則。

 ‧ 問卦文章有以下情事者文章板主得刪除該文。

    1.問卦內容有相關看板。
    2.問卦內容貧乏。
    3.問卦內容無法引發八卦討論。
    4.問卦內容已被其他使用者發問過相同或類似問題。
 5.問卦內容與自殺議題相關。

 ‧ 問卦文內容貧乏者，請充實問卦內容；勿提問閒聊式問題，違者刪除。

 ‧ 問卦文章涉及政治人物、議題板主得刪除並水桶發文使用者（相關定義第四條說明)

 ‧ 勿濫用爆卦，無重大八卦文章（出自各社群網站之無八卦文、某節目現在討論之某
    議題），請勿發表，爆卦相關規範如下:

 ‧[爆卦]文章分類，爆卦內容須為不為眾人得知的秘辛或是親身經歷、親見親聞，
 　或轉錄內容主旨為實質爆料、揭發性質，
   (天災人禍重大意外/緋聞/醜聞/重大賽事/揭發社會或影響多數人之不公義情事)
 　等重大爆卦才可使用。

 ‧有以下行為者視為濫用爆卦，依不同程度水桶，嚴重者水桶１８０天，並且文章退回。

    1.爆卦內容只為特定議題之評論，無實質爆料性質
　　　(如無卦社群臉書政論文、政令宣導、政治立場、政治聲明等) 水桶一個月。

    2.有電視或網路媒體報導者或公開網站之訊息、某節目現在討論之某議題，警告七日。
　　　以爆卦偷渡新聞媒體者另加以板規三論處。

    3.轉錄爆卦來源需附上第一手原始出處，內文需完整轉錄不得擅加來源以外之資訊(含
      心得)，違者水桶一個月。

    4.爆卦者應負舉證責任，經證實(轉錄或自行爆卦)內文為虛構造假者水桶１８０天文
      章退回，自刪亦同。

 ‧ 禁止以問卦或爆卦方式偷渡新聞，否則視同每日新聞發文限制篇數（超過一篇須按
    照板規三水桶處理）。

 第三條：〔新聞張貼規範〕
  ￣￣￣￣￣￣￣￣￣￣￣
 ‧ 本條所指為張貼新聞須以[新聞]為文章分類，他板轉錄之新聞亦適用本條規定。
    本類文章每位使用者一天一篇為限（任何原因自刪及被板主刪除均計入額度，
 分身張貼，回文張貼當日新聞連結、換新聞等，亦算新聞篇數配額），超貼部分
    水桶處分。

 ‧ 文章內張貼PTT連結時，即使該連結內容是[新聞]也不算使用新聞篇數配額。

 ‧ 三天內新聞影片及三天內新聞連結，於問卦或爆卦中張貼者，雖算在新聞配額中。
    但若文章中只有連結而超貼者，屬輕微違規，得判七日警告。

 ‧ 新聞日期以""日""為單位，若星期四張貼，則可貼星期二至四之新聞，範圍外為舊聞。

 ‧ 回覆文章及新聞備註內張貼超過三日之舊聞（新聞內容、標題、連結）
    必須加上二十字以上評論或分析，違者之文章刪除或新聞超貼水桶。

 註:文章內張貼超過三日之舊聞(不論篇數，只要有二十字以上評論或分析即可）
 ‧ 張貼新聞時，切勿在備註內張貼其他三日內新聞之連結，否則屬新聞超貼。

 ‧ 文章有下列情事者文章刪除。
  1.新聞格式錯誤，未依下列新聞格式張貼者，包含：
      a.文章標題須為原新聞標題。
    註:標題應從頭開始貼，不可因為標題過長而自行修改標題
      b.內文需有完整新聞標題/內文，內建發文格式如下。
        1.媒體來源:
　  　　2.記者署名：
　　  　3.完整新聞標題:
　　  　4.完整新聞內文:
　　  　5.完整新聞連結 (或短網址)不可用YAHOO、LINE、MSN等轉載媒體:
        6.備註:
        可不依內建發文格式填寫，但一定要有1~5項，若要加上心得或備註，
        請於文章最後面加上，違者刪除。
 2.相同新聞重覆者。
    註:若第一篇因違反板規，則第二篇不算OP
    3.新聞日期超過三日。
    4.分篇新聞(新聞標題相同以數字、符號區隔的分篇新聞)非第一篇張貼者。
    5.派令、社論、讀者投書、特稿、雜誌撰稿、公民新聞類、今日我最美類等非媒體
      新聞等未涉及政治人物議題者。
    6.影音新聞內文未附官方文稿及非媒體官方帳號張貼之影音新聞者。
    7.無記者採訪、發售資訊、泛商業類...等無新聞價值之報導。
    8.新聞連結無法開啟者（被移除、網址錯誤…等)。
    9.未依備註1新聞來源張貼。
 10.無記者署名之新聞(某某某編輯也可以，某某某=姓名)，刪除並水桶14日
      切勿張貼XX中心、綜合報導等無記者署名之新聞
      以下四種情形不刪除也不水桶
      註1:外電需備註為某外媒報社引用或編譯者等，至少要有出處，外電需明確名稱。
      註2:本國報社之新聞但內容是參考或引用外媒報導，外媒需有實際名稱，勿把FB、
      twitter等社群名稱當成外媒。
      註3:科技新報、地球圖輯隊為較特殊媒體，有作者名字即可。
      註4:不需記者署名之新聞分類，於備註2(不適用YAHOO、MSN、LINE等轉載媒體，必
      需是官網)

 ‧ [新聞]惡意偽造新聞記者名稱，視同鬧板。

 ‧ 可洽八卦檢舉板建議新增其他新聞網站。

 ‧ 派令、社論、讀者投書、特稿、雜誌撰稿、公民新聞等文章內容涉及政治議題或政
    治人物者文章，刪除並水桶三個月。
 註1:特稿與新聞的差別
         新聞是對事件的客觀報導，記者只能用描述的方式說明新聞事件，
     不能加入任何個人的意見或評論。
     特稿則是記者主觀對事件的評論，以選舉新聞舉例：記者不能在報導
     這則新聞時給了任何的評論，不可以在新聞稿中說誰當選比較好，
     只能報導候選人的活動、政見、談話，但可以用特稿的方式，
     評論誰當選比較合適，分析誰當選會有什麼深遠影響。
         特稿可以是評論，也可以是分析、也可以是背景說明、也可以是深入報導，
     總之主觀的論述就是特稿。這類稿件，是因新聞媒介在傳播新聞信息的
     總體布局需要或特定的各種背景的需要，為反映傳媒總體要求或特定導
     向意圖而組織寫作的新聞稿件。
    註2：涉及政策（兩岸政策、民生政策等）、民生議題（物價議題、交通議題、候選
        人政見等）、政治人物花邊或緋聞等，刪文處理。

 ‧ 張貼媒體來源或發稿單位為港澳或中國者，水桶兩個禮拜。
    （全文如下之刊登方式視同發稿單位）

 ‧ 即日起，禁止以彙整「四大報(多報)」方式發佈一文多PO新聞。
 1.發表報社或網路媒體彙整之新聞者，給予刪除。
 2.發表為使用者自行彙整之兩篇以上三日內新聞於同一篇時，視同新聞超貼。
    3.自行彙整多篇相似議題的外媒新聞者，屬於一篇新聞配額，但不屬於新聞超貼。

  註：提供縮網址網站 http://tinyurl.com/ , https://bitly.com/  ,
                     https://reurl.cc/main/tw  。


第四條：〔政治八卦規範〕
  ￣￣￣￣￣￣￣￣￣￣￣
 ‧ 發文（含回文）內容討論包含下述類別，且文章有八卦性質，即為政治八卦。

 ‧ 人物類：中華民國政府遷台後之特定政治人物及其伴侶。

    歷任、現任：正副總統、五院正副院長、政務官、立委、縣市長、縣市議員。
    (包含歷任國大代表、省議員)

    現任：監察委員、考試委員、黨職人員、鄉鎮市區民代表、鄉鎮市長、經選舉之區長。

    競選：競選中之候選人。(村里長需注意是否為競選中之候選人。)
          黨內初選之總統、立委、縣市長、縣市議員候選人。
          於中選會登記連署之參選人。
          上述候選或參選之發言人、常見於相關媒體發言之幕僚。
          初選和連署失敗為退場點，但需注意是否有歷任、現任相關職務。

    落日條款：歷任國大、立委、省議員、縣市議員，於身故後可問泛政治除外之八卦。


 ‧ 議題類：中華民國政府遷台後之政府職務、政黨政治、各級民代職務。
    (政府職務不含村里長，但村里長問卦需注意是否涉及政黨政治和其他違規。)

 ‧ 不論任何分類的回文，皆受政治問卦之規範。

 ‧ 無八卦之泛政治文章，板主得刪除之。

 ‧ 文章內容涉政治問卦輕微，板主可依情節考量，刪除文章或刪文併水桶警告七天。

 ‧ 禁止他板轉錄無八卦之政治文章（包含政治FB文章、政黑板文章），違者水桶三個月。

 ‧ 如有政治相關八卦請直接爆卦，不允許任何形式之政治問卦，政問無論是否自刪，
    或發文後修改內文，一律刪文並水桶三個月。

 ‧ 當政治人物有多重身分時（例如：藝人），非政治身分的相關問卦以泛政治刪除。

  第五條：〔利益性質〕
  ￣￣￣￣￣￣￣￣￣￣
 ‧ 文章內容意欲謀求個人利益、誘使人投票連署或是意欲求檔者，一律退文、水桶
 一個月，推文求檔者如非玩梗，條件式給P、求站內給P、私信寄之類等水桶一個月。

    註：禁止張貼中央社訊息服務，ipobar，滾動新聞，奇摩!訊息快遞!…等廣宣類
        相關網站之連結、新聞、討論文章，違者一律退文、水桶一個月。

 ‧ 違反上述板規自刪者，水桶三個月。

 ‧ 禁止張貼王浩宇本人帳號發佈社群訊息(如:臉書)，違者一律退文、水桶一個月
 ，自刪者水桶三個月。王浩宇相關文將比照板規四政治八卦規範。

  第六條：〔內容不當〕
  ￣￣￣￣￣￣￣￣￣￣
 ‧ 文章有下列情事者文章刪除：

   1.文章簽名檔過長（超過六行）妨害使用者閱讀者。
   2.外電未有全文或大致翻譯。
   3.簡體中文轉正體中文之文章。
   4.文章包含簡體連結。
   5.內容含過多色碼、亂碼（圖形文）導致難以閱讀者。
   6.廣告文、業配文或其他商業類內容，無明顯謀求個人利益者，該文刪除。
   7.內容包含與自殺相關之議題。

 ‧ 文章有下列情事者文章水桶三個月:

   1.內容含有色情內容、暴力內容、十八禁連結者。
   2.內容含過多簡體中文。
 3.發P幣文由以下情況者，水桶三個月
 (1)文章經編輯後，與原始文章差異甚大者。
     (2)沒發P幣就自行刪文者。
     (3)惡意漏發多位者。
   4.文章內容未滿30個字(正體中文)，水桶一個月
     文章內容未滿20個字(正體中文)，水桶二個月
     文章內容未滿10個字(正體中文)，水桶三個月
 註1：奧運(國家隊誰贏誰得牌)、國際比賽、天災(地震、颱風天哪放假)等。
      如發文未滿30個繁體中文字，板主群得視為時事文刪除不予處分，
　　　惟藉標題蓄意搗亂者仍以鬧板處分。


      註2：時事文範圍太廣，「註1」如未規範將由版主群主觀判定。

 ‧ 手動置底者水桶兩個月:
    手動置底:
    1.若使用者於發文後於半小時內自刪，並在半小時內重發文者，則判定該名使用者
      自願使用當日之發文額度，即，若該名使用者發文為[問卦]，則視同自願使用一
      篇[問卦]之額度，若為其他分類之標題，亦同。
    2.第一點之「半小時」定義為每篇文章發出系統時間為判定標準，也就是A、B兩篇
      文章的發文時間差距要在半小時內，才算額度，超過半小時則算手動置底。
 3.由於[新聞]只有一篇額度，若明顯為操作失誤者，板主可給予警告一次。
    4.重貼超過總則中規範之發文額度時，則依據總則給予處罰。
    5.扣除以上重貼使用額度狀況，即除了半小時內自刪重貼以外，若兩個月內同一使
      用者發兩篇文章內容完全相同者或大致相同者，即為手動置底，包含：

      a.標題與內容完全相同。
      b.標題不同，但兩篇內容大致相同者。
      c.連續轉錄同樣文章兩次。
      d.詢問相同人且相同事物八卦者。

    提醒：修改文章請盡量請利用E鍵，修改標題請用T鍵，參選文與公告不算入手動置
          底。

 ‧ 違反爆雷規範者水桶七天:

  1.未上映或新上映電影類別，在正式發行日後七日內禁止無關文章內有爆雷行為
    標題、內容、推文皆違規，違者水桶七日。

  2.發行七日內討論需求文章，標題需迴避暴雷內容及註明有雷、內文防雷頁面作為緩衝
    相關爆雷推文可在本篇及回文不列入違規。

  3.爆雷定義為超出預告範圍，涉及預告未演出內容，已曝光之內容放寬相關
    認定得刪除之。


  第七條：〔挑釁、謾罵〕
  ￣￣￣￣￣￣￣￣￣￣￣
 ‧ 文章內容含有對特定人物、使用者、特定族群、看板或其使用者，
    進行言詞侮辱、挑釁、威脅、謾罵、歧視、引戰之文章，
    一律退文且加給水桶六個月，自刪文章者水桶一年。
 於推文違規者水桶七日。

 ‧ 前項所說明之特定人物不包含公眾人物、政治人物等，對於非具有本國國籍者
　　等族群之謾罵推文不予受理；唯仍需注意刑法相關刑責，勿以身試法。

 第八條：〔法律之規範〕
  ￣￣￣￣￣￣￣￣￣￣￣￣
 ‧ 文章有以下情事者該文退回併水桶一個月：

 1.違反中華民國法律、批踢踢站規。

    2.凡未經原發文者同意轉入、未經同意公布個人資料、私人信件及水球紀錄者。

 註：此條例包含任何轉網址、原始網址之提供，或任何關鍵字影射，使一般使用
          者可簡單查詢到個人資料、私人信件、水球紀錄等，皆違反此條例。

 3.利用修改文章，故意竄改、刪除他人推噓文經查證屬實。
      (惟他方公佈私人資料、張貼十八禁網址、恐怖連結含病毒網址不在此限）

    4.意圖以影射、諧音字或近似字公開非公開使用者一部或全部之個人資料，如：自
      然人之姓名、出生年月日、國民身分證統一編號、護照號碼、住址與電話號碼等
      行為遊走於板規八公佈個人資料之規定，經當事人檢舉者。

    5.違反此條板規自刪者，水桶六個月。


  第九條：〔鬧板〕
  ￣￣￣￣￣￣￣￣￣
 ‧ 有鬧板茲事者，鬧板文章退回並追加水桶六個月，滋事之判定由板主判定。
    若對個別版主判決鬧版有疑慮，請至GossipPicket版提出爭議案件申訴之申請。

 ‧ 除板主之判定外，以下行為為鬧板行為：
     1.經認定有預謀性之集體違規行動。

      註：大量相同關鍵字問卦發生時，於板主發出公告提醒後，若依然有使用者使用
          相同關鍵字、或類似的「形」、「音」等關鍵字持續問卦，則判定為鬧板。
　　2.任意使用公告、回應公告。
    3.任意使用記名公投及活動聯署選項。
    4.未經八卦檢舉板（GossipPicket）板申請通過之道歉文。
 5.泛政治性發錢文，違者推文數歸零，並處分之。

 ‧ 以上提到之 2、3、4 點，板主可依情節考量判定為鬧板或為單純手機操作失誤，
 可與底下板規十一〔自檢條款與手機操作不當〕擇一處罰。

 ‧ 違反以上板規，卻自行刪除文章以避責，視同鬧板，水桶一年處分。


 第十條：〔道歉文與置底閒聊佈告區規範〕
  ￣￣￣￣￣￣￣￣￣￣￣￣￣￣￣￣￣￣￣￣
 ‧ 本條規定為在八卦板引發之法律訴訟相關事件，致使用者需於本板張貼文章道歉
    時適用，請至八卦檢舉板（GossipPicket）板，詳閱相關規定後申請。
    緊急狀況下，可先發表道歉文，並在24小時內至八卦檢舉板（GossipPicket）板
    補申請，未經檢舉板申請或補申請便發道歉文者，屬鬧板行為。

 ‧ 本板置底閒聊文提供宣傳相關符合公益之事由，如親友失蹤協尋、尋找車禍目擊
 證人及其他事由，板主可視情況協助板上秩序臨時挪為協助板務用。例如：頒獎典
     禮LIVE文...等。


  第十一條：〔自檢條款與手機操作不當〕
  ￣￣￣￣￣￣￣￣￣￣￣￣￣￣￣￣￣￣
 ‧ 若使用者非故意違反板規（回信件操作失誤、手機操作失誤、誤刪他人推文）等非故
    意違反鬧板規定，板主可依情節考量，依據板規十八處以警告並水桶一週，警告二次
    者，則處以水桶一個月處分、第三次處以水桶兩個月、第四次以上一律水桶三個月。
   （追溯期為一年）


 ‧ 同上情形，使用者亦可自行前往八卦檢舉板，詳閱相關規定後主動申請自檢條款。


  第十二條：〔簽名檔〕
　￣￣￣￣￣￣￣￣￣￣
 ‧","[{'tag': '推', 'userid': 'ubcs', 'content': '#1cfYCJg0 (Gossiping) 涉兒少性剝加嚴判定'}]"
[公告]～（＠ｏ＠）～八爪板八月份置底閒聊,32,https://www.ptt.cc/bbs/Gossiping/M.1722404707.A.D13.html,"作者mother (老木)看板Gossiping標題[公告]～（＠ｏ＠）～八爪板八月份置底閒聊 時間Wed Jul 31 13:45:05 2024
八月是一個很好的月份

因為八月份的八除了是八爪章魚的八之外

還代表著公曆年中的第八個月 是大月 共有31天　

在北半球 8月是夏季的第三個月　

八月節氣為立秋 處暑

英文中的8月（August）來源於古羅馬的奧古斯都

August取名自 凱撒大帝的繼位人Augustus

他為了跟凱撒大帝齊名 便以自己的名字來命名八月

由於原來的八月比七月少了一天 Augustus便決定從二月中抽出一天加在八月上

以表示自己跟凱撒大帝平起平坐同坐一桌吃爭鮮","[{'tag': '推', 'userid': 'elec1141', 'content': 'https://i.imgur.com/bGvngLE.jpeg'}, {'tag': '→', 'userid': 'Dcwei', 'content': '~(@o@)~ 愛老木'}, {'tag': '→', 'userid': 'bill403777', 'content': '老木午安 <(@o @ ) /'}, {'tag': '推', 'userid': 'james732', 'content': '老木午安'}, {'tag': '推', 'userid': 'tom77588', 'content': '錢'}, {'tag': '推', 'userid': 'Workforme', 'content': '長知識'}, {'tag': '推', 'userid': 'ubcs', 'content': '老木午安'}, {'tag': '推', 'userid': 'yamato5566', 'content': '老木午安 ／｜｜｜＼'}, {'tag': '推', 'userid': 'nightwing', 'content': '七月大  八月大'}, {'tag': '推', 'userid': 'gilbertchen8', 'content': '推'}, {'tag': '推', 'userid': 'spectron', 'content': '好的 14：30'}, {'tag': '→', 'userid': 'dan5120', 'content': '~(@o@)~    ~(@o@)~    ~(@o@)~'}, {'tag': '→', 'userid': 'elec1141', 'content': 'https://i.imgur.com/Lohoje7.jpeg'}, {'tag': '推', 'userid': 'darkblue6404', 'content': '午安章魚'}, {'tag': '推', 'userid': 'highyes', 'content': '老木午安  錢'}, {'tag': '推', 'userid': 'jsai', 'content': '推推'}, {'tag': '推', 'userid': 'PeaceWu', 'content': '推'}, {'tag': '推', 'userid': 'Forcast', 'content': '跟發票一樣'}, {'tag': '推', 'userid': 'key7110', 'content': '辛苦了'}, {'tag': '推', 'userid': 'PowerGeMOS', 'content': '老木早'}, {'tag': '推', 'userid': 'Joyeeee', 'content': '錢錢'}, {'tag': '推', 'userid': 'RognerLiu', 'content': '推'}, {'tag': '推', 'userid': 'sodistrues', 'content': '推'}, {'tag': '推', 'userid': 'razan', 'content': '八月桂花香'}, {'tag': '→', 'userid': 'LTSC1980', 'content': 'https://i.imgur.com/fB6mXV3.jpeg'}, {'tag': '推', 'userid': 'godiegroup', 'content': '推'}, {'tag': '推', 'userid': 'ptt888', 'content': '推'}, {'tag': '推', 'userid': 'elainechain', 'content': '推'}, {'tag': '推', 'userid': 'key7110', 'content': '推'}, {'tag': '推', 'userid': 'tmgg', 'content': '推'}, {'tag': '推', 'userid': 'COLINLIU', 'content': '推'}, {'tag': '噓', 'userid': 'meicon5566', 'content': '嗯嗯你說的都對'}, {'tag': '推', 'userid': 'waitsun', 'content': '推'}, {'tag': '推', 'userid': 'KDlove', 'content': '中午在迪化街看到一男裸體走在路上@@胸前'}, {'tag': '→', 'userid': 'fun5566', 'content': ''}, {'tag': '→', 'userid': 'fun5566', 'content': '(以以下下後推文時間最後一數字決定答案,'}, {'tag': '→', 'userid': 'fun5566', 'content': '第1個選對給10p幣。) 題目:今天便利商店'}, {'tag': '→', 'userid': 'fun5566', 'content': '的兩個女店員,最後1個會為me friend幾點'}, {'tag': '→', 'userid': 'fun5566', 'content': '回去? (1) 23:00 - 23:30 (2) 23:30 - 00'}, {'tag': '→', 'userid': 'fun5566', 'content': ':00 (3) 00:00 - 00:30  (4) 00:30以後'}, {'tag': '推', 'userid': 'etset', 'content': '發生什麼事了 怎麼跌這麼少'}, {'tag': '推', 'userid': 's66449', 'content': '推'}, {'tag': '推', 'userid': 'tmgg', 'content': '推'}, {'tag': '推', 'userid': 'axi', 'content': '$'}, {'tag': '推', 'userid': 'moai513', 'content': '錢'}, {'tag': '推', 'userid': 'as0814i', 'content': '推'}, {'tag': '→', 'userid': 'fun5566', 'content': '(稅後)10p幣給(陌生人) s66449 大大了.'}, {'tag': '→', 'userid': 'Arashi0731', 'content': '生活'}, {'tag': '→', 'userid': 'robot7788', 'content': '經過阿嬤？這描述像長輩高控制的家庭欸'}, {'tag': '→', 'userid': 'robot7788', 'content': '，給噓'}, {'tag': '→', 'userid': 'navysoider', 'content': '說的去男友家黑皮了...'}, {'tag': '推', 'userid': 'karta328', 'content': '破防了'}, {'tag': '推', 'userid': 'shine32025', 'content': '人生抉擇: 要選哪樣工作啊 好煩'}, {'tag': '→', 'userid': 'shine32025', 'content': '1)寵物殯葬:朋友介紹答應明天要去'}, {'tag': '→', 'userid': 'shine32025', 'content': '2)越南偏鄉會計主管 上班六天'}, {'tag': '→', 'userid': 'shine32025', 'content': '好想存檔 不知道選哪個'}, {'tag': '→', 'userid': 'moai513', 'content': 'QQ'}, {'tag': '→', 'userid': 'beareight', 'content': '報警查提款監控'}, {'tag': '→', 'userid': 'ME13', 'content': '立秋'}, {'tag': '→', 'userid': 'ME13', 'content': 'https://i.imgur.com/GQWJAT8 右側第五棵'}, {'tag': '→', 'userid': 'ME13', 'content': 'QQ'}, {'tag': '→', 'userid': 'badbadook', 'content': 'https://i.meee.com.tw/vflgz0P.jpg'}, {'tag': '推', 'userid': 'elec1141', 'content': 'https://i.imgur.com/fzZopjM.jpeg'}, {'tag': '推', 'userid': 'razan', 'content': '[八卦] 8月9日 8+9之日'}, {'tag': '→', 'userid': 'fun5566', 'content': '8月10日七夕情人節快樂!告訴我今夕是何夕'}, {'tag': '推', 'userid': 'razan', 'content': '[八卦] 七夕 <3'}, {'tag': '推', 'userid': 'elec1141', 'content': 'https://i.imgur.com/SPjyCGD.jpeg'}, {'tag': '→', 'userid': 'elec1141', 'content': 'https://i.imgur.com/FGZMHjV.jpeg'}, {'tag': '→', 'userid': 'badbadook', 'content': 'https://i.imgur.com/lyGdAqy.jpeg'}, {'tag': '推', 'userid': 'razan', 'content': '[8/13 星期二 11:43] 世界左撇子節'}, {'tag': '推', 'userid': 'felixden', 'content': 'https://i.imgur.com/9p9BFQj.jpeg'}, {'tag': '→', 'userid': 'felixden', 'content': '跟鯊鯊做愛'}, {'tag': '→', 'userid': 'fateat', 'content': '原來八卦版有置底閒聊'}, {'tag': '推', 'userid': 'c24253994', 'content': '幹我現在才注意到八卦有閒聊區'}, {'tag': '→', 'userid': 'c24253994', 'content': 'https://i.imgur.com/ztLDXgz.jpeg'}, {'tag': '→', 'userid': 'badbadook', 'content': 'https://i.imgur.com/MrlEC15.jpeg'}, {'tag': '推', 'userid': 'fateat', 'content': '為什麼八爪的閒聊區那麼冷清'}, {'tag': '推', 'userid': 'LinkMiguel', 'content': '是八瓜板'}, {'tag': '噓', 'userid': 'Wolverin5566', 'content': '無止盡的八月來了'}, {'tag': '推', 'userid': 'elec1141', 'content': 'https://i.imgur.com/s6exHNL.jpeg'}, {'tag': '→', 'userid': 'badbadook', 'content': 'https://i.imgur.com/TuDv0Zo.jpeg'}, {'tag': '→', 'userid': 'stvc', 'content': '各種骯髒手段想搞爛PTT'}, {'tag': '→', 'userid': 'elec1141', 'content': 'https://i.imgur.com/EV1U4aD.jpeg'}]"
[協尋] 7/31週三新店區安一路安忠路口監視器畫面,22,https://www.ptt.cc/bbs/Gossiping/M.1722576709.A.F44.html,"作者rosabella (奶油乳酪)看板Gossiping標題[協尋] 7/31週三新店區安一路安忠路口監視器畫面時間Fri Aug  2 13:31:46 2024

家母於7月31日(三)早上約7點騎機車回家的路上，
於新北市新店區安一路安忠路口與清潔隊垃圾車發生車禍，
當時紅燈剛結束轉綠燈，後方車輛急欲超車從後方撞上，
家母骨折目前正在醫院接受治療。

由於現場已破壞且該地點尚未調到監視器畫面，
想徵求廣大鄉民及新店人的幫助，
不知道當天是否有行車記錄器可以提供？
我們真的很需要這份監視紀錄。

這邊先謝謝好心人的協助，
希望能在各位的幫忙下早日釐清事發經過，
萬分感謝您的熱心，非常謝謝各位！","[{'tag': '推', 'userid': 's820912gmail', 'content': '高'}, {'tag': '推', 'userid': 'ubcs', 'content': '高調'}, {'tag': '推', 'userid': 'poasdm', 'content': '高調'}, {'tag': '推', 'userid': 'weissfuchs', 'content': '高調'}, {'tag': '→', 'userid': 'av8d2124', 'content': '吧，呵呵'}, {'tag': '推', 'userid': 'livy168', 'content': '幫推！'}, {'tag': '→', 'userid': 'banqq123', 'content': '怎不講清楚？妳們家共產制度是不是？又'}, {'tag': '→', 'userid': 'banqq123', 'content': '怎麼會放阿嬤那？你們真的不要鬧了，放'}, {'tag': '→', 'userid': 'banqq123', 'content': '人家一條生路'}, {'tag': '→', 'userid': 'g987669', 'content': '樓上留口德很難？'}, {'tag': '→', 'userid': 'littlesanta', 'content': '都給了，下一步就是器官買賣'}, {'tag': '推', 'userid': 'legolaes', 'content': '南無阿彌陀佛'}, {'tag': '→', 'userid': 'backtolove', 'content': '平安'}, {'tag': '→', 'userid': 'cc117706', 'content': '不應該，希望安全就好'}, {'tag': '推', 'userid': 'Narsiler', 'content': '高調'}, {'tag': '推', 'userid': 'kamihio', 'content': '高調'}, {'tag': '→', 'userid': 'lalamio', 'content': '打詐騙 打到哪了'}, {'tag': '推', 'userid': 'zx610176', 'content': '高調'}, {'tag': '→', 'userid': 'charm110', 'content': '過台灣也有這種詐騙機房，幫高調'}, {'tag': '→', 'userid': 'rosabella', 'content': '已徵得畫面，感謝大家！'}, {'tag': '推', 'userid': 'a3294814', 'content': '鸚鵡'}, {'tag': '推', 'userid': 'cihumori', 'content': '心斎'}, {'tag': '推', 'userid': 'DarkIllusion', 'content': '今天很嗆是吧'}, {'tag': '噓', 'userid': 'e1q3z9c7', 'content': '甲板'}, {'tag': '→', 'userid': 'e1q3z9c7', 'content': '抱歉回錯'}, {'tag': '推', 'userid': 'goldfishlin', 'content': '推'}, {'tag': '推', 'userid': 'kiki62431', 'content': '高調'}, {'tag': '推', 'userid': 'Waitaha', 'content': '義大利麵店吃氣氛的 還有濃湯'}, {'tag': '→', 'userid': 'ronga', 'content': '個 而且這應該只是罰款吧 會被抓去關嗎?'}, {'tag': '推', 'userid': 'Seafarers', 'content': '6H25M'}, {'tag': '推', 'userid': 'GRIPIT', 'content': '錢'}, {'tag': '推', 'userid': 'april301988', 'content': '統一'}, {'tag': '推', 'userid': 'tora12345', 'content': '台鐵'}, {'tag': '→', 'userid': 'algebraic', 'content': '喔 誰叫你不挺民進黨'}, {'tag': '→', 'userid': 'algebraic', 'content': '錯篇=='}, {'tag': '推', 'userid': 'xjapan329', 'content': '林襄'}, {'tag': '推', 'userid': 'carlos159357', 'content': '借老本祖本押頭期款進去的低薪人'}, {'tag': '推', 'userid': 'a0929658533', 'content': '高調'}, {'tag': '推', 'userid': 'ggyyder123', 'content': '高調'}]"
Fw: [公告] 批踢踢說明(關於駭客入侵),43,https://www.ptt.cc/bbs/Gossiping/M.1724348492.A.DD8.html,"作者medama ( )看板Gossiping標題Fw: [公告] 批踢踢說明(關於駭客入侵)時間Fri Aug 23 01:41:31 2024
※ [本文轉錄自 SYSOP 看板 #1cnt81Ev ]

作者: longbow2 (踮起腳尖的親吻) 看板: SYSOP
標題: [公告] 批踢踢說明(關於駭客入侵)
時間: Fri Aug 23 01:14:36 2024

                    說明

                                承辦人：公關站長
                                日  期：2024/8/23

關於「網傳駭客駭進本站，並取得超過3萬5000筆資料庫

資訊」一事(參註1報導)，經本站進行瞭解，傳聞中所稱

取得之資料，應係自公開看板上所抓取之文章(即應為

「機器人爬文爬出來的公開內容」，但該內容也可能並

非直接取自本站)，迄今本站並未發現有任何機密資訊受

到危害。


本站相當重視此傳聞，若有進一步發現將持續對外說明。

以上。 

                                    批踢踢實業坊


註1：報導參考網址
https://udn.com/news/story/7240/8179051","[{'tag': '推', 'userid': 'linda17a3', 'content': '錢'}, {'tag': '→', 'userid': 'sachili', 'content': '推'}, {'tag': '推', 'userid': 'qwe04687', 'content': '辛苦了'}, {'tag': '推', 'userid': 'GOD5566', 'content': '慟 偏激肥宅洩露身分會社死'}, {'tag': '推', 'userid': 'NX9999', 'content': '水啦'}, {'tag': '推', 'userid': 'RONC', 'content': '看過內容就知道根本是把備份站的東西下載再'}, {'tag': '→', 'userid': 'RONC', 'content': '上傳，不知道是在幹嘛'}, {'tag': '推', 'userid': 'allenwang', 'content': '錢'}, {'tag': '推', 'userid': 'cmj', 'content': '原來 PTT 有資料庫？！還以為只是放在 Linux'}, {'tag': '→', 'userid': 'cmj', 'content': '底下某個有結構化的目錄而已'}, {'tag': '推', 'userid': 'Ceadda127', 'content': '錢'}, {'tag': '推', 'userid': 'Asato163', 'content': '辛苦了'}, {'tag': '→', 'userid': 'RognerLiu', 'content': '推'}, {'tag': '推', 'userid': 'yesonline', 'content': 'https://i.imgur.com/ZujL73t.png'}, {'tag': '→', 'userid': 'yesonline', 'content': '駭客是不是誤會了什麼?撈廢文也算入侵?'}, {'tag': '推', 'userid': 'Dinenger', 'content': '才三萬筆廢文 笑死 我一個人就8000了=='}, {'tag': '推', 'userid': 'shadowdio', 'content': '所以是認知作戰喔?'}, {'tag': '→', 'userid': 'nikewang', 'content': '就那些PTT爬蟲網站的廢文集'}, {'tag': '推', 'userid': 'wannasleep', 'content': '錢'}, {'tag': '推', 'userid': 'hhi80482', 'content': '錢'}, {'tag': '推', 'userid': 'elec1141', 'content': '錢'}, {'tag': '推', 'userid': 'una283', 'content': '感謝調查'}, {'tag': '推', 'userid': 'exarawdon', 'content': '推'}, {'tag': '推', 'userid': 's0805744', 'content': '爬蟲就當自己駭客 是小學生嗎'}, {'tag': '推', 'userid': 'spectron', 'content': '好的 07：36'}, {'tag': '推', 'userid': 'left3', 'content': '錢'}, {'tag': '推', 'userid': 'UVIR', 'content': '錢'}, {'tag': '→', 'userid': 'CCNK', 'content': '菜雞練爬蟲錯了嗎？'}, {'tag': '推', 'userid': 'Forcast', 'content': '有錢？'}, {'tag': '推', 'userid': 'NNBOY', 'content': '個資早就從其他地方外流不知道幾百次了 就'}, {'tag': '→', 'userid': 'NNBOY', 'content': '算PTT這個是真的也沒差了吧'}, {'tag': '推', 'userid': 'gilbertchen8', 'content': '推'}, {'tag': '推', 'userid': 'key7110', 'content': '辛苦了'}, {'tag': '推', 'userid': 'axi', 'content': '$'}, {'tag': '推', 'userid': 'windmk2', 'content': '錢'}, {'tag': '推', 'userid': 'xyhs', 'content': '推推'}, {'tag': '推', 'userid': 'area8', 'content': '所以那新聞該不會是作球給誰來伸手進PTT吧!'}, {'tag': '推', 'userid': 'angelicmiss', 'content': '錢'}, {'tag': '推', 'userid': 'romeie06', 'content': '錢'}, {'tag': '推', 'userid': 'cgalen1994', 'content': '笑死他應該連ssh bbsu 都不會'}, {'tag': '推', 'userid': 'binshin', 'content': '哈'}, {'tag': '→', 'userid': 'binshin', 'content': '辛苦了'}, {'tag': '推', 'userid': 'bill0205', 'content': '可能連ssh port多少也不知道吧'}, {'tag': '推', 'userid': 'alex01', 'content': '我就說了帶走了一堆網軍和廢文，有什麼意'}, {'tag': '→', 'userid': 'alex01', 'content': '我就說了帶走了一堆網軍和廢文，有什麼意'}, {'tag': '→', 'userid': 'alex01', 'content': '義嗎'}, {'tag': '推', 'userid': 'killloli', 'content': '我的個人信箱收到我ptt帳號發的信是????'}, {'tag': '→', 'userid': 'killloli', 'content': '有人知道要去那裡回報嗎QQ?'}, {'tag': '→', 'userid': 'snow3804', 'content': '所以我都拒住台灣飯店抵制'}, {'tag': '噓', 'userid': 'AM34', 'content': ''}, {'tag': '→', 'userid': 'wilson5938', 'content': '錢'}, {'tag': '推', 'userid': 'adk12', 'content': '推'}, {'tag': '→', 'userid': 'stvc', 'content': '不意外啊 綠共一直想控制PTT又控制不了只好'}, {'tag': '→', 'userid': 'fun5566', 'content': '現在舊手機已不能連上Ptt了,'}, {'tag': '→', 'userid': 'fun5566', 'content': '要多新的手機才能連上Ptt呀?'}, {'tag': '→', 'userid': 'fun5566', 'content': 'SYSOP版沒人理, 唉'}, {'tag': '推', 'userid': 'harukay08', 'content': '推說明'}, {'tag': '推', 'userid': 'august3136', 'content': '推'}, {'tag': '推', 'userid': 'fernand', 'content': '推'}, {'tag': '推', 'userid': 'teata', 'content': '推'}, {'tag': '推', 'userid': 'as0814i', 'content': '錢'}, {'tag': '推', 'userid': 'rancle', 'content': '推 XD'}, {'tag': '→', 'userid': 'a27588679', 'content': '等等就自刪了'}, {'tag': '→', 'userid': 'scitamehtam', 'content': '愛口袋還是愛國？'}, {'tag': '推', 'userid': 'langler077', 'content': '錢'}, {'tag': '推', 'userid': 'axi', 'content': '$'}, {'tag': '推', 'userid': 'idletime', 'content': '推'}, {'tag': '→', 'userid': 'ckai1983', 'content': '月50萬大家說好不好啊!'}, {'tag': '→', 'userid': 'chkao', 'content': '這種智障愚鳥的唬爛，還是有憨鳥買單！'}, {'tag': '→', 'userid': 'alfworld', 'content': '現在才看到..晚了好幾步!'}, {'tag': '推', 'userid': 'reversed', 'content': '只吃一碗粉就付一碗的錢'}, {'tag': '→', 'userid': 'bill403777', 'content': '建商又贏'}, {'tag': '→', 'userid': 'bill403777', 'content': '靠北怎麼推到這篇'}]"
[問卦] 自殺的北科大學生真的可憐,8,https://www.ptt.cc/bbs/Gossiping/M.1724917746.A.B5F.html,"作者lee198218 (嘻嘻)看板Gossiping標題[問卦] 自殺的北科大學生真的可憐時間Thu Aug 29 15:49:04 2024

為了生存為了翻身
他算是傾盡一切付出

但是社會沒有給他機會
有的人說他不對
也有人惋惜他

想問大家
真的要這樣去批判一個孤立無援的人嗎
馬後炮 事後諸葛 踢落水狗 大家都很會
但是人在恐懼失去一切的時候
工作就是他最後僅剩的浮木
不該責備他死命抱著不放

生命更多的該是疏導
而不是壓迫

我不是少年股神
相信很多肥宅也不是
都是為了生活汲汲營營
對於境遇跟自己如此相似的年輕人
可能
有的人說同情過往的自己
有的人是憎恨過往的自己

聽了點錄音檔就是覺得這個小朋友真的蠻可憐
希望大家多給他點牡蠣即時他再也收不到了","[{'tag': '→', 'userid': 'flavorBZ', 'content': '自殺相當不負責任'}, {'tag': '推', 'userid': 's820912gmail', 'content': '離開就好 何必自殺'}, {'tag': '推', 'userid': 'jimmy12332', 'content': '沒生病的人很難理解'}, {'tag': '噓', 'userid': 'hosen', 'content': '濫情才是害了其他人'}, {'tag': '推', 'userid': 'holices', 'content': '不知他人苦 莫勸他人善'}, {'tag': '→', 'userid': 'hosen', 'content': '從小就應該教育小孩，社會很現實，除了父'}, {'tag': '→', 'userid': 'hosen', 'content': '母，沒有人有義務對你好'}, {'tag': '推', 'userid': 'AgentSkye56', 'content': '大家站在上帝視角看 當然很多出口'}, {'tag': '→', 'userid': 'neoa01', 'content': '民進黨執政，出生困苦的底層階級受到這樣'}, {'tag': '→', 'userid': 'neoa01', 'content': '的待遇你能怎樣呢'}, {'tag': '推', 'userid': 'Lineage097', 'content': '當別人鼓起勇氣 勇敢的自殺 沒有妨礙'}, {'tag': '→', 'userid': 'Lineage097', 'content': '到別人'}, {'tag': '→', 'userid': 'Lineage097', 'content': '就不該批評他吧'}, {'tag': '推', 'userid': 'bnb19009', 'content': '不懂為什麼要為了工讀的薪水想不開，又'}, {'tag': '→', 'userid': 'bnb19009', 'content': '不是高薪很難找的工作，太不值得了'}, {'tag': '推', 'userid': 'abcde79961a', 'content': '他生病了，沒辦法'}, {'tag': '推', 'userid': 'Ponimp', 'content': '可憐他幹嘛 不如關心一下你隔壁的同事'}, {'tag': '→', 'userid': 'kikomi', 'content': '主官雖然可惡，為了兩萬多的打工自殺，真'}, {'tag': '→', 'userid': 'kikomi', 'content': '的就不適合生活在現實社會，早日超生吧'}, {'tag': '→', 'userid': 'hosen', 'content': '人家願意幫你，是你有被利用價值，才投資'}, {'tag': '→', 'userid': 'hosen', 'content': '你，千萬不要相信滿口火車的騙子'}, {'tag': '→', 'userid': 'chinhan1216', 'content': '我才覺得處長可憐'}]"
[問卦] 醫生被一個肌肉男罵弱智是什麼感覺？,1,https://www.ptt.cc/bbs/Gossiping/M.1724917773.A.6CD.html,"作者yniori (偉恩咖肥)看板Gossiping標題[問卦] 醫生被一個肌肉男罵弱智是什麼感覺？時間Thu Aug 29 15:49:31 2024
如題

是這樣啦

這可能是醫療糾紛

就有個肌肉男看起來腦殘腦殘的去看醫生

結果看完醫生後居然

說醫生你他媽是弱智嗎

哇

這肌肉男這麼派

醫生只好搔搔頭說他智力測驗分數很高

這個醫療糾紛不好吧

怎麼說醫生是弱智呢","[{'tag': '→', 'userid': 'alex00089', 'content': '追擊8月15！？'}, {'tag': '噓', 'userid': 'sai96', 'content': '每天黑柯不遺餘力欸'}, {'tag': '噓', 'userid': 'beeboombee', 'content': '衝KPI喔'}, {'tag': '→', 'userid': 'athome1', 'content': '阿北兒子缺錢又想住豪宅，再捐起來'}, {'tag': '推', 'userid': 'wateryou', 'content': '噁男罵弱智 絕配'}, {'tag': '推', 'userid': 'drimp', 'content': '醫生有沒有先騙很多比自己窮幾百倍的年輕小'}, {'tag': '→', 'userid': 'drimp', 'content': '草捐錢給自己 說要改變台灣然後放口袋裡'}, {'tag': '→', 'userid': 'fishouse', 'content': '用信徒的錢買豪宅  你真以為他是弱智?'}, {'tag': '→', 'userid': 'piwolf', 'content': '醫生也只能摸摸鼻子 誰叫他真的是弱智'}, {'tag': '→', 'userid': 'druu', 'content': '我的經驗啦 蠻多醫生眼睛都長在頭頂上'}]"
Re: [爆卦] Live 柯文哲大選政治獻金 一次澄清記者會,6,https://www.ptt.cc/bbs/Gossiping/M.1724917776.A.CE5.html,"作者cka (CK)看板Gossiping標題Re: [爆卦] Live 柯文哲大選政治獻金 一次澄清記者會時間Thu Aug 29 15:49:34 2024
恐怖的點在於
過了10年假設柯P離開人世後
堯堯對民眾黨沒感情
直接房子賣掉拿4300萬走人
根本不關他的事
這輩子不用上班直接爽拿小草貢獻的4300萬
連爸媽遺產都不算
完全合法...


※ 引述《quid1121 (小雞雞)》之銘言：
: 記者問:4300萬的商辦為什麼登記在柯文哲的名下?
: 柯回答:登記在我名下 監督的力量才大
: 我一直在想比較現實一點的
: 當有一天民眾黨不見了 或 柯離開民眾黨後
: 那麼4300萬的商辦 還是柯的名下啊
: 簡單來說4300萬的商辦是柯文哲的
: 柯文哲現階段可以借自己的房子給民眾黨使用~
: 支持柯2028選總統 我要繼續支持阿北 繼續捐錢~","[{'tag': '推', 'userid': 'bluesun183', 'content': '10年後 可能不只4300'}, {'tag': '推', 'userid': 'herro760920', 'content': '所以呢，你是小草，你不爽嗎'}, {'tag': '→', 'userid': 'dandes0227', 'content': '太子堯成最大贏家 嘻嘻'}, {'tag': '噓', 'userid': 'cuzi', 'content': '不是說要信託了嗎=  =??'}, {'tag': '推', 'userid': 'STi2011', 'content': '不算遺產?'}, {'tag': '噓', 'userid': 'a6435966', 'content': '被抓到才說要信託'}, {'tag': '噓', 'userid': 'Jerome16', 'content': '記者會說給律師處理 等著看'}, {'tag': '推', 'userid': 'bradyhau106', 'content': '你的假設很溫和耶 我都直接設過完戶'}, {'tag': '→', 'userid': 'cuzi', 'content': '跟賴皮寮一樣阿'}, {'tag': '→', 'userid': 'bradyhau106', 'content': '就被車撞死'}, {'tag': '推', 'userid': 'bluesun183', 'content': '記者會裡沒有說要信託呀  哪來的消息'}, {'tag': '→', 'userid': 'as50229', 'content': '難怪選舉是一門好生意 越選越有錢'}, {'tag': '→', 'userid': 'njxmzxc', 'content': '當初直接用民眾黨買不就好了 被打到信託'}, {'tag': '→', 'userid': 'njxmzxc', 'content': '不就賴皮寮'}, {'tag': '→', 'userid': 'KimWexler', 'content': '別再說買不起房了 你可以去選舉啊'}, {'tag': '→', 'userid': 'as50229', 'content': '想的還是自己的財產增加 又不是民眾黨增'}, {'tag': '→', 'userid': 'as50229', 'content': '加'}, {'tag': '推', 'userid': 'touchbird', 'content': '堯堯以後是要接阿北的位子 先讓諸葛國'}, {'tag': '→', 'userid': 'touchbird', 'content': '蔥扶佐'}, {'tag': '推', 'userid': 'soda54020', 'content': '平行時空的信託 只有你的沒有'}, {'tag': '噓', 'userid': 'zephyr105', 'content': '台電虧損的錢洗到綠電 也沒看到再叫'}, {'tag': '推', 'userid': 'mikiup0321', 'content': '那本來就文哲的錢，他憑本事賺來的'}, {'tag': '→', 'userid': 'fallinlove15', 'content': '會買在那個地方一般人會先想到以後'}, {'tag': '→', 'userid': 'F93935', 'content': '堯堯又沒那麼傻 有人會捐錢當然繼續接下去'}, {'tag': '→', 'userid': 'mikiup0321', 'content': '你要是不爽你也可以選總統去賺呀'}, {'tag': '→', 'userid': 'fallinlove15', 'content': '方便民眾黨辦公 青鳥只想到自己 就'}, {'tag': '→', 'userid': 'fallinlove15', 'content': '跟肥燦一樣'}, {'tag': '→', 'userid': 'mikiup0321', 'content': '民眾黨現在要找個人出來選公職都沒人'}, {'tag': '→', 'userid': 'mikiup0321', 'content': '選舉補助款還要捐出來給黨，誰要選？'}, {'tag': '推', 'userid': 'F93935', 'content': '選公職沒人還不是你自己造成的草創不租有'}, {'tag': '推', 'userid': 'Mesa5566', 'content': '說啥呢 阿北說個人名下才是監督'}, {'tag': '→', 'userid': 'F93935', 'content': '四千萬去買沒錢去支持地方'}, {'tag': '→', 'userid': 'Mesa5566', 'content': '說要阿北信託都假草 滾啦 名下才是監督'}]"
[新聞] 支持者不捨喊「阿北加油」　柯文哲信心,5,https://www.ptt.cc/bbs/Gossiping/M.1724917894.A.4F9.html,"作者w0958639393 (jen)看板Gossiping標題[新聞] 支持者不捨喊「阿北加油」　柯文哲信心時間Thu Aug 29 15:51:31 2024
備註請放最後面 違者新聞文章刪除

1.媒體來源:
※ 例如蘋果日報、自由時報（請參考版規下方的核准媒體名單）
※ Yahoo、MSN、LINE等非直接官方新聞連結不被允許
ETtoday新聞雲

2.記者署名:
※ 若新聞沒有記者名字或編輯名字，請勿張貼，否則會被水桶14天
※ 外電至少要有來源或編輯 如:法新社
杜冠霖

3.完整新聞標題:
※ 標題沒有完整寫出來","[{'tag': '→', 'userid': 'kairi5217', 'content': '加油！ 有需要 就買！！！'}, {'tag': '推', 'userid': 'Jkyzer', 'content': '好了拉=='}, {'tag': '推', 'userid': 'kent', 'content': '沒結束就跟親民黨一樣'}, {'tag': '→', 'userid': 'plih', 'content': '人家也是來工作的'}, {'tag': '推', 'userid': 'ralfeistein', 'content': 'https://i.imgur.com/8F7JZKD.jpg'}, {'tag': '→', 'userid': 'guanaco', 'content': '再接再厲繼續撈'}, {'tag': '推', 'userid': 'FTKBOYS', 'content': '阿北加油  讚啦'}, {'tag': '→', 'userid': 'alex00089', 'content': '尻唄喔立旗嗎？'}, {'tag': '噓', 'userid': 'ILoveKMT', 'content': '貪污就貪污啦，講什麼理由都不想聽啦。'}, {'tag': '推', 'userid': 'q1478584', 'content': '精神勝利'}, {'tag': '→', 'userid': 'otld', 'content': '竟然還會有超死忠的'}, {'tag': '→', 'userid': 'Newtype', 'content': '這版很多啊 還特別嗆'}, {'tag': '→', 'userid': 'piwolf', 'content': '小草加油 繼續捐 阿北還有很多房要買'}, {'tag': '→', 'userid': 'Newtype', 'content': '只是這系列剛好沒看到推文 笑死'}, {'tag': '推', 'userid': 'dbshadow', 'content': '繼續堅持就對了'}, {'tag': '→', 'userid': 'STi2011', 'content': '也等檢調出來再死忠 不然跟40%有啥兩樣'}, {'tag': '噓', 'userid': 'ken88787', 'content': '啊所以要羈押沒啦 還貪汙勒 腦子用一下'}, {'tag': '→', 'userid': 'pokyhoyo', 'content': '給你補助款你還真的敢私用啊 這樣還想批'}, {'tag': '→', 'userid': 'ken88787', 'content': '好嗎'}, {'tag': '→', 'userid': 'pokyhoyo', 'content': '評勝文吃太飽？'}, {'tag': '→', 'userid': 'christjane', 'content': '所以補助款還是在個人名下 錢在口袋'}, {'tag': '推', 'userid': 'wateryou', 'content': '廢話 政黨補助款還沒領完 還有小草會斗'}, {'tag': '→', 'userid': 'christjane', 'content': '休想拿走'}, {'tag': '噓', 'userid': 'cheug0653', 'content': '圖利 羈押'}, {'tag': '→', 'userid': 'PtT0615s', 'content': '這跟離婚夫妻在結婚時都說愛你一生一世'}, {'tag': '→', 'userid': 'h100733', 'content': '風雨生信心,小草捐出來'}, {'tag': '→', 'userid': 'bradyhau106', 'content': '你們不放棄 我就買房契'}, {'tag': '→', 'userid': 'Diaw0803', 'content': '這不就韓導既視感XD 笑死'}, {'tag': '→', 'userid': 'PtT0615s', 'content': '７８像'}, {'tag': '→', 'userid': 'wateryou', 'content': '內 阿北又沒那麼傻 送到手裡的錢不拿'}, {'tag': '→', 'userid': 'idxxxx', 'content': '義無反顧'}, {'tag': '推', 'userid': 'F93935', 'content': 'https://i.imgur.com/tMZhdqA.jpeg'}, {'tag': '→', 'userid': 'christjane', 'content': '真的很愛錢 被人看破手腳'}, {'tag': '推', 'userid': 'yulanlin', 'content': '阿蔥阿北是神，神愛世人，小藍教萬歲'}, {'tag': '→', 'userid': 'SolmyrII', 'content': '阿Q精神  已勝利'}, {'tag': '→', 'userid': 'pokyhoyo', 'content': '再選一次總統就可以買帝寶了吧 欣慰 當'}, {'tag': '→', 'userid': 'pokyhoyo', 'content': '藍綠繳回補助款的都智障膩？'}, {'tag': '→', 'userid': 'tpck', 'content': '作秀'}, {'tag': '噓', 'userid': 'hbk20491', 'content': '還有暗樁喔'}, {'tag': '噓', 'userid': 'yyxjpaids1', 'content': '今天讲的很清楚 鳥又要崩潰了'}, {'tag': '推', 'userid': 'jimihsu', 'content': '小草捐起來，支持阿北...的小孩'}, {'tag': '→', 'userid': 'greenbarry', 'content': '沒有一分錢流進個人口袋'}, {'tag': '噓', 'userid': 'abobstar', 'content': '還安排人去喊加油 呵呵'}, {'tag': '推', 'userid': 'KH8019', 'content': '加油'}, {'tag': '→', 'userid': 'skyman1999', 'content': '一堆x'}]"
[問卦] 收到日月光CIM自動化工程師的面邀,4,https://www.ptt.cc/bbs/Gossiping/M.1724917917.A.843.html,"作者david0426 (軒軒寶貝)看板Gossiping標題[問卦] 收到日月光CIM自動化工程師的面邀時間Thu Aug 29 15:51:54 2024
如題

是不是寄錯人了啊

我現在有工作欸 還可以滑手機 爽爽der

還是這工作年薪兩百萬

這樣我就馬上跳槽

有沒有 這方面 的八卦","[{'tag': '→', 'userid': 'SSglamr', 'content': '日月神教 一統江湖'}, {'tag': '推', 'userid': 'STi2011', 'content': '日月光'}, {'tag': '→', 'userid': 'St3480', 'content': '神教又CIM 那畫面太美 不敢想像'}, {'tag': '推', 'userid': 'achun1212', 'content': '獵人頭阿，薪水一定很高'}, {'tag': '推', 'userid': 'Jkyzer', 'content': '亂槍打鳥 願者上鉤=='}, {'tag': '→', 'userid': 'z32510z', 'content': 'hr缺業績'}, {'tag': '噓', 'userid': 'miku5566', 'content': '這個鳥職缺我八年找工作就在，現在還在'}, {'tag': '→', 'userid': 'miku5566', 'content': '，到底多塞'}, {'tag': '推', 'userid': 'jackycheny', 'content': '神教幫你上香'}, {'tag': '推', 'userid': 'bruce511239', 'content': '會從垃圾桶挖信找人就 真的沒人啦'}, {'tag': '→', 'userid': 'tinybunny', 'content': '知道的都知道'}]"
[問卦] 黑悟空讓多少台灣人發覺自己沒看懂西遊,7,https://www.ptt.cc/bbs/Gossiping/M.1724917961.A.4B1.html,"作者anti87 (鬼島觀察家)看板Gossiping標題[問卦] 黑悟空讓多少台灣人發覺自己沒看懂西遊時間Thu Aug 29 15:52:39 2024
中國做的3A遊戲黑悟空大火
許多台灣人除了感到與有榮焉之外

而有更多人看到遊戲裡面的許多場景和細節
才發現自己當初根本沒看懂西遊記

有些人更是完全忘了西遊記裡面有
黃眉大王、金池長老等角色的存在

黑悟空讓多少台灣人發覺自己沒看懂西遊記？","[{'tag': '推', 'userid': 'nowitzki0207', 'content': '還真沒有，都看連續劇而已'}, {'tag': '推', 'userid': 'osalucard', 'content': '動漫都看不完了 誰去看西遊記'}, {'tag': '推', 'userid': 'citizen5566', 'content': 'https://i.imgur.com/vdbXRdA.jpeg'}, {'tag': '→', 'userid': 'z32510z', 'content': '打完普烏後就沒看了'}, {'tag': '→', 'userid': 'tenka92417', 'content': '駐顏珠被豬八戒順走的小細節也能拿來'}, {'tag': '推', 'userid': 'chinhan1216', 'content': '本來就沒看過'}, {'tag': '→', 'userid': 'tenka92417', 'content': '當梗'}, {'tag': '推', 'userid': 'cenda', 'content': '金庸小說都比較耳熟能詳吧'}, {'tag': '噓', 'userid': 'butten986', 'content': '你看過原文？不都改編的才有人看'}, {'tag': '→', 'userid': 'nekoares', 'content': '我還真看不懂咒術'}, {'tag': '→', 'userid': 'plih', 'content': '白悟空，淘空簡單易懂，就是錢'}, {'tag': '→', 'userid': 'theeht', 'content': '沙悟淨為什麼沒出場'}, {'tag': '推', 'userid': 'mikayu', 'content': '紫霞仙子超正'}, {'tag': '推', 'userid': 'pita30', 'content': '我只看過張衛建演的'}, {'tag': '推', 'userid': 'yuan5211', 'content': '你知道什麼是噹噹噹噹噹嗎?'}, {'tag': '→', 'userid': 'dferww55', 'content': '那同人亂編的，最好原著是這樣'}]"
[新聞] 2024年失智人口突破35萬 常見作息紊亂、,,https://www.ptt.cc/bbs/Gossiping/M.1724917965.A.F2B.html,"作者NTKingsman (宇智波草屯人)看板Gossiping標題[新聞] 2024年失智人口突破35萬 常見作息紊亂、時間Thu Aug 29 15:52:43 2024
備註請放最後面 違者新聞文章刪除

1.媒體來源:
※ 例如蘋果日報、自由時報（請參考版規下方的核准媒體名單）
※ Yahoo、MSN、LINE等非直接官方新聞連結不被允許

公共電視台

2.記者署名:
※ 若新聞沒有記者名字或編輯名字，請勿張貼，否則會被水桶14天
※ 外電至少要有來源或編輯 如:法新社

發布時間：2024-08-29 12:31 更新時間：2024-08-29 15:00
賴淑敏 蔣龍祥 / 綜合報導

3.完整新聞標題:
※ 標題沒有完整寫出來","[{'tag': '→', 'userid': 'nekoares', 'content': '唉'}]"
Re: [問卦] 北科大自殺學生的40分鐘錄音，拳頭好硬,1,https://www.ptt.cc/bbs/Gossiping/M.1724917976.A.741.html,"作者gulie (dark frame master)看板Gossiping標題Re: [問卦] 北科大自殺學生的40分鐘錄音，拳頭好硬時間Thu Aug 29 15:52:54 2024
※ 引述《violegrace (法蘭西多士)》之銘言：
: 怎麼一堆人覺得資遣他就沒事了啊
: 這件事的起因不就是因為他想死守這份2萬多的工作 並且邊工作邊讀書嗎
: 那自願離職和資遣也就差幾萬的事 畢竟薪水本來就很低
: 怎麼會認為資遣了他就不會爆炸 2萬多的工作都能搞成這樣了
: 說實在的也就是件小事 只是當事人自殺才鬧大

所以不應該自殺 應該一輩子在貧窮的旋渦之中..
乖乖的被凹 時間到乖乖的離職 什麼都拿不到…
要知道他已經在這裡五年了

五年不是小事 自殺才是 是嗎？

別認為公務人員的工讀生就可以不用符合勞基法
和
基本人權。

我們的憲法是保障工作權和反職場霸凌的。
是勞委會一直在向勞工 雇主宣導的
結果公部門自己在血汗工讀生？

人家想上課而已 你就好好解釋 事假請法
在請示上級 是不是可以因為這個case
而 放寬標準 畢竟這也是好事不是？
而用威權和不成文的方式來恐嚇
處長過太爽了是不是？



: 真的是經濟支柱的話一開始考慮這份工作就怪怪的了
: 一般人就算要讀在職之前也應該事先找公司商量看能不能吧
: 不能的話當然就自己取捨 看是要專心進修或者換個工作
: 公司能給他方便當然不錯 但不給也是很正常吧
: 這處長就講話機八了點 內容我倒是覺得還好 當然扯到什麼立法院地盤的就很不必要

當然 不准就不准 扯那麼多和請假議題沒有關係的
表示腐敗了，沒有在為人民員工著想
只會用自己的立場羞辱別人，
一個人在你單位五年 卻得到冷冰冰的教條式回應 這個主管有沒有去上領導溝通的課程？

而另外今天這個自殺 網軍們是洗不掉的啦。

就是職場霸凌 就是 狗官昧著良心欺負人民","[{'tag': '噓', 'userid': 'bb031v2k', 'content': '沒人逼你找這份工作'}, {'tag': '推', 'userid': 'ghostpp', 'content': '網軍很急'}, {'tag': '推', 'userid': 'anachronism', 'content': '台灣人當美國的狗幾年了???'}]"
[問卦]  『  裝 睡 的 人 叫 不 醒 ! !  』,8,https://www.ptt.cc/bbs/Gossiping/M.1724917978.A.0C3.html,"作者elec1141 (木村拓哉)看板Gossiping標題[問卦]  『  裝 睡 的 人 叫 不 醒 ! !  』時間Thu Aug 29 15:52:55 2024

本木村啦
常常看到這句話


 『  裝 睡 的 人 叫 不 醒  』


通常影射
明明知道真相
卻又不願意承認的人

在事實如此明顯的狀況下
到底為什麼還不願意承認呢？

是信仰？
是盲從？

還是單純犯賤？


有沒有八卦","[{'tag': '→', 'userid': 'vowpool', 'content': '我們花媽都真睡'}, {'tag': '→', 'userid': 'link4517', 'content': '裝睡？？  一律超度他'}, {'tag': '推', 'userid': 'YeSerD', 'content': '繼續罵 罵完乖乖抖內'}, {'tag': '→', 'userid': 'mopigou', 'content': '再睡五分鐘'}, {'tag': '→', 'userid': 'link4517', 'content': '幫他念經超渡大法'}, {'tag': '噓', 'userid': 'derrick1220', 'content': '對啦 爽啦 我范建啦'}, {'tag': '推', 'userid': 'Iakane', 'content': '阿北加油！阿北沒有輸！QQ'}, {'tag': '→', 'userid': 'nekoares', 'content': '單純裝睡'}, {'tag': '推', 'userid': 'JAvLEMcGeE', 'content': '沒錯！我買雞蛋從來不需要簽合約'}, {'tag': '推', 'userid': 'kogsww', 'content': '青鳥不要太幸福  柯文哲是被關了嗎？'}, {'tag': '推', 'userid': 'bluesun183', 'content': '加油加油 阿伯繼續選 繼續買房'}, {'tag': '推', 'userid': 'seanlin10421', 'content': '你在說花媽嗎'}, {'tag': '推', 'userid': 'kogsww', 'content': '不行 我就是要對號入座 你就是在說師傅跟'}, {'tag': '→', 'userid': 'kogsww', 'content': '小草'}, {'tag': '→', 'userid': 'cosplay314', 'content': '40%？？？'}, {'tag': '推', 'userid': 'SaChiA5566', 'content': '說民進黨沒貪污的'}, {'tag': '→', 'userid': 'pttenjk', 'content': '__皮：都有繳稅 不知為何查不到 嗚嗚嗚'}, {'tag': '噓', 'userid': 'xujo', 'content': '億來億去納稅錢亂花都不在乎的標準談裝睡'}, {'tag': '→', 'userid': 'xujo', 'content': '真是有說服力'}]"
Re: [問卦] 北科大自殺學生的40分鐘錄音，拳頭好,1,https://www.ptt.cc/bbs/Gossiping/M.1724917999.A.1D9.html,"作者E6300 (＊靈界偵探＊)看板Gossiping標題Re: [問卦] 北科大自殺學生的40分鐘錄音，拳頭好時間Thu Aug 29 15:53:17 2024
這整件事有一點最奇怪

那就是

北科大高材生會屈就2萬多待遇的工作？

一個正常的師長會一直鼓勵月薪2萬多的人進修？


有沒有80
怎麼被80
那是另一部分

我們就好好細細品味這兩點奇怪的問題就好

教授才是最該調查的啦有沒有掛？","[{'tag': '推', 'userid': 'words2012', 'content': '確實覺得怪怪的 怎麼便宜的工作'}, {'tag': '→', 'userid': 'words2012', 'content': '不是換一個就好 或是打個官司?'}, {'tag': '→', 'userid': 'ziso', 'content': '教授才是那個元凶 處長只是最後一根稻草'}, {'tag': '→', 'userid': 'words2012', 'content': '因為有這遭遇的人 在台灣不能說少'}, {'tag': '→', 'userid': 'bigyin', 'content': '我以前也是白天上課，晚上打工到凌晨，最'}, {'tag': '→', 'userid': 'bigyin', 'content': '後休學工作QQ。'}, {'tag': '推', 'userid': 'gulie', 'content': '這是人身自由  看問題應該由重要程度往下'}, {'tag': '→', 'userid': 'nakayamayyt', 'content': '老師鼓勵學生進修有錯嗎 老師也有幫'}]"
Re: [新聞] 交通部長人事傳內定陳世凱 民進黨各派,,https://www.ptt.cc/bbs/Gossiping/M.1724918003.A.EF4.html,"作者stevencool (政治好複雜)看板Gossiping標題Re: [新聞] 交通部長人事傳內定陳世凱 民進黨各派時間Thu Aug 29 15:53:21 2024
要講中部交通

王義川對台中交通最熟

當年林佳龍時代改台中捷運藍線

搞到他沒辦法連任

時任交通局長王義川如果能當交通部長

把當年沒有的台中捷運弄出來

對何欣純也有幫助

講到陳世凱這個人啊 以前我選區的議員

當年是開疆闢土的角色

據家裡長輩說的

腦袋是真的不錯 但對經營基層實在不太熱

衷（出了名不跑基層的懶惰蟲）所以才選

兩次都輸小冬瓜

中央有官做就回去當官了 志不在民代

至於交通部長這個位置？？

看來我們的清德宗還是要大權在握啊","[{'tag': '→', 'userid': 'fallinlove15', 'content': '王義川比較適合當情報局長 畢竟懂'}, {'tag': '→', 'userid': 'fallinlove15', 'content': '監聽'}, {'tag': '→', 'userid': 'woulin', 'content': '專業咖不如政治咖'}, {'tag': '噓', 'userid': 'frontin', 'content': '聽說'}]"
[新聞] 這網站違規賣知名日藥 食藥署：最重關7,3,https://www.ptt.cc/bbs/Gossiping/M.1724918045.A.7D4.html,"作者willieliu (たけし)看板Gossiping標題[新聞] 這網站違規賣知名日藥 食藥署：最重關7時間Thu Aug 29 15:54:03 2024
1.媒體來源:
聯合新聞網

2.記者署名:
聯合報／ 記者賴昀岫／台北即時報導

3.完整新聞標題:
這網站違規賣知名日藥 食藥署：最重關7年、罰5000萬

4.完整新聞內文:

https://i.imgur.com/h6QFJxs.jpeg
網站「KUWA免稅店」販售「大正製藥百保能綜合感冒藥錠狀130／210錠」。圖／食藥署提供

不少民眾到日本旅遊，一定會到藥妝店逛逛，不過食藥署今天一口氣公布，IP在日本的境外
網站「KUWA免稅店」4項違規，都不屬我國核准的藥品，且名稱不乏民眾熟悉品項，包括「E
VE」和「大正製藥」等，食藥署提醒，這些屬於非法藥品商品，如在海關被查獲，最重可處
7年以下有期徒刑，得併科新台幣5000萬元以下罰金。

食藥署「食藥膨風廣告專區」今天公布，網站「KUWA免稅店」，販售的「田邊三菱製藥克里
美淨 336粒錠狀500mg速崩錠」、「エスエス製藥EVE藍色QUICK イブクイック頭痛藥」、「
大正製藥百保能綜合感冒藥錠狀130／210錠」和「日本皇漢堂LOXONIN強效退燒生理止痛藥
」，經查案內產品外包裝無中文標示及許可證字號，非屬我國核准的藥品。

食藥署副署長王德原表示，案內產品外包裝無中文標示及許可證字號，非屬我國核准藥品，
如果販售未經核准製造或輸入藥品，涉違反藥事法第83條有關偽禁藥的規定，明知為偽藥或
禁藥，而販賣、供應、調劑、運送、寄藏、牙保、轉讓或意圖販賣而陳列者，處7年以下有
期徒刑，得併科新台幣5000萬元以下罰金。

王德原說，民眾如果透過這些網站國外訂購，且業者已經下單、出貨，通關過程如果在海關
被查獲，郵包中有藥品，可能違反藥事法22條未經許可輸入，並以同法83條移送法辦，境外
網站販售這些商品其實都是違法的，但如果本身不是在國內架設的網站，現行法規無法處理
，所以先透過這樣公告的形式，讓民眾知道這些東西有問題、避免到這邊購買。

王德原指出，要等到案子被移送到地檢署並起訴，且法院能夠明確判決，才能請數發部依法
阻斷這些網站的位置，這一塊還需要做很多努力，食藥署也會定期巡查，並和地方衛生單位
合作，提醒民眾，這些產品不屬我國核准藥品，其品質、安全及療效未經確認，若有相關健
康問題，應就醫或循正常管道取得我國核准的藥品，切勿隨意購買來路不明或宣稱療效的產
品。

https://i.imgur.com/723VL0s.jpeg
網站「KUWA免稅店」販售「エスエス製藥EVE藍色QUICK イブクイック頭痛藥」。圖／食藥
署提供


5.完整新聞連結 (或短網址)不可用YAHOO、LINE、MSN等轉載媒體:
https://udn.com/news/story/7270/8193219

6.備註:
非屬我國核准藥品
這句話是誇獎嗎？
雖然違法有問題
但不要講得好像稀罕你食藥署核准一樣捏
日本核准了
誰在乎你什麼食藥署和不核准☺","[{'tag': '推', 'userid': 'bboywhite', 'content': '哇最高罰5000萬 這麼嚴重。'}, {'tag': '→', 'userid': 'boss88893', 'content': '有比  雞蛋   壞心 嗎？？？？？？'}, {'tag': '→', 'userid': 'bboywhite', 'content': '一些該罰的在那邊重罰30萬'}, {'tag': '推', 'userid': 'achun1212', 'content': '就擋人財路阿 怎麼可能會過'}, {'tag': '→', 'userid': 'boss88893', 'content': '有比  買 雞蛋  嚴重嗎？？？？？？'}, {'tag': '推', 'userid': 'b0204888100', 'content': '擋到廠商財路 政府就活起來了'}]"
[問卦] 調味奶霸主是誰阿,6,https://www.ptt.cc/bbs/Gossiping/M.1724918071.A.2C2.html,"作者playla (隨心所欲)看板Gossiping標題[問卦] 調味奶霸主是誰阿時間Thu Aug 29 15:54:29 2024
各大牛奶品牌都有出調味奶系列

大部分有 水果奶 巧克力奶 麥芽奶

有一種富維他的好好喝耶

還有綠豆沙

最強調味奶霸主是誰阿 卦","[{'tag': '→', 'userid': 'vdml', 'content': '蘋果牛奶'}, {'tag': '推', 'userid': 'geary', 'content': '光泉果汁牛奶'}, {'tag': '→', 'userid': 'ChungLi5566', 'content': '我家小孩比較喜歡玻璃瓶的'}, {'tag': '推', 'userid': 'Rhiner18', 'content': '麥芽無敵的吧'}, {'tag': '推', 'userid': 'misthide', 'content': '只有麥芽沒有之一'}, {'tag': '→', 'userid': 'link4517', 'content': '男友的..'}, {'tag': '推', 'userid': 'ch333', 'content': '你可以做奶加入咖啡的調味奶 不錯喝'}, {'tag': '→', 'userid': 'SSglamr', 'content': '福樂的都ok'}, {'tag': '→', 'userid': 'rony98', 'content': '水果的要看品牌 有幾家調得很怪'}, {'tag': '推', 'userid': 'okgogogo', 'content': '巧克力吧，果汁噁心到底是啥水果？'}, {'tag': '推', 'userid': 'sce76', 'content': '唯一霸主就是光泉杏仁 他X的竟然停產！'}, {'tag': '→', 'userid': 'bboywhite', 'content': '吉吉好大喔那個算嗎 蠻好喝的'}, {'tag': '→', 'userid': 'guanaco', 'content': '光泉麥芽牛奶'}, {'tag': '→', 'userid': 'playla', 'content': '還有草莓 光泉杏仁不錯 水藍色包裝'}]"
[問卦] 館長在三國時期會不會是混最好的,3,https://www.ptt.cc/bbs/Gossiping/M.1724918094.A.4F4.html,"作者qazStarStar (我不是派大星)看板Gossiping標題[問卦] 館長在三國時期會不會是混最好的時間Thu Aug 29 15:54:52 2024
下午好

我陽交大阿肥啦

館長武力值很頂是個猛將

同時館長也很能屈能伸

可以遊走在各國之間遊刃有餘

這樣館長有沒有可能是三國裡面混最好的

有沒有噴","[{'tag': '→', 'userid': 'h100733', 'content': '感覺會先被打死'}, {'tag': '推', 'userid': 'q1478584', 'content': '初期是 呂布翻版 下場淒慘無比'}, {'tag': '→', 'userid': 'asd0112', 'content': '00醮醬邢道榮之流'}, {'tag': '→', 'userid': 'DiMammaMia', 'content': '風向大師？'}, {'tag': '推', 'userid': 'Jerome16', 'content': '00上將'}, {'tag': '→', 'userid': 'hunt5566', 'content': '最多據點兵長'}, {'tag': '推', 'userid': 'iamkilck', 'content': '頂的住三槍不知頂不頂的住三英'}, {'tag': '→', 'userid': 'druu', 'content': '感覺就是呂布等級的'}, {'tag': '→', 'userid': 'kikomi', 'content': '上將潘鳳等級無雙武將可比擬，一斧劈死呂'}, {'tag': '→', 'userid': 'kikomi', 'content': '布'}, {'tag': '噓', 'userid': 'a2858531', 'content': '三姓家奴'}, {'tag': '推', 'userid': 'Banana566', 'content': '勇猛堪比邢道榮'}, {'tag': '→', 'userid': 'Ilat', 'content': '應該就市場賣藝或橋下說書的'}]"
Re: [問卦] 張雨生和周杰倫誰比較有才華??,2,https://www.ptt.cc/bbs/Gossiping/M.1724918108.A.7F3.html,"作者loser1 (基輔羅斯進軍烏拉山以西)看板Gossiping標題Re: [問卦] 張雨生和周杰倫誰比較有才華??時間Thu Aug 29 15:55:06 2024
※ 引述《tessamaimai (~藥娘~)》之銘言：
: 張雨生vs周杰倫 大家認為這兩人誰比較有音樂才華呢?
: 張雨生因為早死 所以沒辦法創作更多曲子 甚為可惜
: 如果張雨生還活者 她跟周杰倫誰的成就會比較大?

如果是我說，我選周杰倫。

周杰倫應該也會自己開車，他還活著，所以周杰倫開車的才華遠勝張雨生先生。","[{'tag': '推', 'userid': 'ake83611', 'content': '我懷疑你最後一段是在影射張酒駕'}, {'tag': '→', 'userid': 'link4517', 'content': '劉的華'}, {'tag': '→', 'userid': 'ake83611', 'content': '但實際上並沒有 雖然疲勞駕駛也是毋通'}, {'tag': '推', 'userid': 'alittleghost', 'content': '飆車族，破電線桿沒賠錢'}]"
[問卦] 阿辰師算不算真心換絕情？,,https://www.ptt.cc/bbs/Gossiping/M.1724918145.A.BF9.html,"作者SureHappy ( @@ )看板Gossiping標題[問卦] 阿辰師算不算真心換絕情？時間Thu Aug 29 15:55:42 2024


阿辰師新片說明所有與簡大軒的beef

一一抓出Liz的訪談片段解釋與拿出證據回擊

內容出入的地方非常多！


阿辰師被稱是恩師，然後被捅成這樣？？？

是不是真心換絕情？

兩造說法你們更相信哪一邊？",[]
[新聞] 「EVE、大正」是禁藥！網購恐遭重罰 食,11,https://www.ptt.cc/bbs/Gossiping/M.1724918159.A.E50.html,"作者cl3bp6 (來自97號世界)看板Gossiping標題[新聞] 「EVE、大正」是禁藥！網購恐遭重罰 食時間Thu Aug 29 15:55:56 2024
「EVE、大正」是禁藥！網購恐遭重罰 食藥署：最高7年徒刑

https://newtalk.tw/news/view/2024-08-29/934287
Newtalk新聞 生活 曾郡秋綜合報導

食藥署今(29)日發布重要公告，提醒民眾勿從不明國外網站購買日本藥品。食藥署副署長王
德原指出，國外網站「KUWA免稅店」涉嫌違規廣告產品，包括「大正綜合感冒藥」、「EVE
藍色QUICK頭痛藥」及「日本皇漢堂強效退燒藥」等。若民眾從該網站購買這些藥品並被查
獲，最高可能面臨7年有期徒刑，併科5000萬元以下罰金的嚴厲處罰。

王德原解釋，這些網站販售的藥品主要存在兩個問題：首先，外包裝缺乏中文標示；其次，
沒有台灣的藥品許可證字號。這意味著這些藥品並非台灣核准的合法藥品，其品質、安全性
和療效均未經過我國相關部門的確認和認證。

食藥署強調，根據台灣藥事法第83條規定，明知為偽藥或禁藥，而進行販賣、供應、調劑、
運送、寄藏、牙保、轉讓或意圖販賣而陳列等行為，均屬違法。王德原提醒，這些行為都可
能觸犯藥事法，後果相當嚴重。

針對「KUWA免稅店」網站，王德原表示，該網站的IP位置在日本，目前無法直接處理或封鎖
。他呼籲民眾提高警惕，避免自這些網站購買違規藥品。

除了日本藥品，王德原也特別提醒經常從Amazon等國外網站購買美國成藥的民眾要格外小心
。許多在美國屬於非處方藥的藥品，在台灣可能被歸類為處方藥。若私自進口這類藥品，同
樣可能違反藥事法第83條。",[]
[問卦] 有沒有發現台灣亂象的共通點,,https://www.ptt.cc/bbs/Gossiping/M.1724918176.A.E74.html,"作者kenq5566 (肯Q)看板Gossiping標題[問卦] 有沒有發現台灣亂象的共通點時間Thu Aug 29 15:56:14 2024
就是都是台灣人造成的
違停 詐騙 低薪等等都是
是不是可以證明台灣人就是素質低
有人會說你自己不也是
沒錯 我先承認我素質低
有八卦嗎？",[]
Re: [問卦] 自殺的北科大學生真的可憐,1,https://www.ptt.cc/bbs/Gossiping/M.1724918180.A.C85.html,"作者pujos (lks)看板Gossiping標題Re: [問卦] 自殺的北科大學生真的可憐時間Thu Aug 29 15:56:16 2024
30幾歲
還在打零工
一個月領兩萬多

請問他沒死的話
說為了生存、為了翻身傾盡所有
你信？
是要講給鬼聽噢
這講出來
沒被酸爆我隨便你

一堆人常常在講恐龍法官
應注意而未注意ooxx三小
明明沒肇責卻因為對方受傷、死亡
被迫要扛責任賠償
狗幹法官

結果換個位子
照樣人死為大那套又跑出來了
死了所以就又有理由
這不可悲嗎？

可憐？？？

※ 引述《lee198218 (嘻嘻)》之銘言：
: 為了生存為了翻身
: 他算是傾盡一切付出
: 但是社會沒有給他機會
: 有的人說他不對
: 也有人惋惜他
: 想問大家
: 真的要這樣去批判一個孤立無援的人嗎
: 馬後炮 事後諸葛 踢落水狗 大家都很會
: 但是人在恐懼失去一切的時候
: 工作就是他最後僅剩的浮木
: 不該責備他死命抱著不放
: 生命更多的該是疏導
: 而不是壓迫
: 我不是少年股神
: 相信很多肥宅也不是
: 都是為了生活汲汲營營
: 對於境遇跟自己如此相似的年輕人
: 可能
: 有的人說同情過往的自己
: 有的人是憎恨過往的自己
: 聽了點錄音檔就是覺得這個小朋友真的蠻可憐
: 希望大家多給他點牡蠣即時他再也收不到了",[]
[新聞] 假消息！國慶焰火徵160人時薪316元！,3,https://www.ptt.cc/bbs/Gossiping/M.1724918210.A.556.html,"作者zxc2331189 (阿拉花瓜)看板Gossiping標題[新聞] 假消息！國慶焰火徵160人時薪316元！時間Thu Aug 29 15:56:47 2024
1.媒體來源:
ETTODAY

2.記者署名:
蔡佩旻

3.完整新聞標題:
假消息！國慶焰火徵160人時薪316元！　斗六警籲民眾勿受騙


4.完整新聞內文:
2024國慶焰火將於10月10日在雲林登場，地方臉書社團《斗六人文社交圈》日前出現PO文
，表示國慶活動需要徵求160名工作人員，徵才訊息上並註明工作時間為10月10日中午12
時至晚間10時、時薪316元。斗六警方查證發現是假訊息，立即聯繫版主下架文章，並呼
籲民眾留意，不要受騙上當。

斗六警分局近日進行網路巡邏，發現有人貼文「國慶煙火在雲林 徵160名工作人員（名額
有限）」資訊，經會同縣政府民政處查證後，確認此為不實消息，除立即請網版將文章下
架，現已正積極查處中，呼籲民眾勿轉傳不實訊息。

雲林縣政府表示，國慶焰火活動未對外招募工作人員，如係承攬廠商亦不應擅自使用縣府
名義或圖片對外招募工作人員，民眾看到類似訊息應多查證，避免受騙。

https://cdn2.ettoday.net/images/7823/7823138.png
▲2024國慶焰火將在雲林登場，網路出現時薪316元徵才訊息，警方會同縣政府民政處查
證後，確認此為不實消息，現已正積極查處中。（圖／記者蔡佩旻翻攝）

警方呼籲，社群媒體上所見的各式徵才廣告，應先查證刊登者是否為合法公司行號，如通
篇僅見LINE等通訊軟體為唯一聯繫窗口，或遇客服以各種理由要求先支付費用，並保證馬
上可以申請退款，務必提高警覺。

斗六警分局強調，「求職」千萬不要提供提款卡、存摺、印章及身分證件等，另外也不要
簽立本票、不明契約書或作保證人，避免落入「假求職真詐騙」之陷阱，若有疑問應立即
撥打165反詐騙專線諮詢或撥打110報案。

5.完整新聞連結 (或短網址)不可用YAHOO、LINE、MSN等轉載媒體:
https://www.ettoday.net/news/20240829/2806818.htm

6.備註:
南部外包找打工仔怎麼可能時薪給到316 肯定是假消息",[]
[問卦] 請假三個月能去哪裡玩？,5,https://www.ptt.cc/bbs/Gossiping/M.1724917203.A.33D.html,"作者ketter (挖西林老背)看板Gossiping標題[問卦] 請假三個月能去哪裡玩？時間Thu Aug 29 15:40:01 2024
手上賺了一大筆錢
不要問我怎麼賺的，我自己賺的自己監督更負責
現在請假三個月想出去玩
但是不能出國，因為出國可能會在機場發生不好的事情
請問在台灣還能去哪裡玩？
有相關的八卦嗎？","[{'tag': '→', 'userid': 'syntax123', 'content': '墾丁'}, {'tag': '噓', 'userid': 'k385476916', 'content': '7414'}, {'tag': '→', 'userid': 'ju06080719', 'content': '賴皮寮'}, {'tag': '推', 'userid': 'Jkyzer', 'content': '陪太太看房先'}, {'tag': '→', 'userid': 'MyPTTLife', 'content': '賴皮寮'}, {'tag': '推', 'userid': 'athome1', 'content': '錢多到爆 準備逃亡了'}, {'tag': '→', 'userid': 'Oeagrus', 'content': '樓下都去哪裡被狗幹'}, {'tag': '推', 'userid': 'hmt17', 'content': '毛澤東的台灣信徒滑船偷渡去中國吧'}, {'tag': '→', 'userid': 'nekoares', 'content': '那去墾丁吧'}, {'tag': '→', 'userid': 'ILike58', 'content': '專心在家準備地檢署大考吧。'}, {'tag': '推', 'userid': 'tgtg', 'content': '陪太太東看看西看看嘍 這樣有時間可以白天'}, {'tag': '→', 'userid': 'tgtg', 'content': '去就不會看不清建案的名字了'}, {'tag': '推', 'userid': 'amos30627', 'content': '土城'}, {'tag': '→', 'userid': 'kimi7812', 'content': '問就是土城'}, {'tag': '推', 'userid': 'link4517', 'content': '泰國。猴痘可以get'}]"
[新聞] 財務爭議向小草道歉　柯文哲：你們省吃,99,https://www.ptt.cc/bbs/Gossiping/M.1724917237.A.0B8.html,"作者paulispig (關心高立德的牙齒狀況)看板Gossiping標題[新聞] 財務爭議向小草道歉　柯文哲：你們省吃時間Thu Aug 29 15:40:35 2024
財務爭議向小草道歉　柯文哲：你們省吃儉用捐的錢我都非常珍惜

Ettoday 記者陳家祥／台北報導

民眾黨主席柯文哲捲入政治獻金帳務申報疑雲、用選舉補助款買商辦等爭議，民眾黨29日
召
開「政治獻金外界疑義 一次澄清記者會」，柯宣布將請假3個月，靜待中評會的調查。柯
也
向小草道歉，「你們（小草）省吃儉用捐出來的每一塊錢、每一個支持的行動，我都非常
珍
惜，我從來沒有貪圖個人的享受」。

柯文哲說，他要向所有小草們說聲抱歉。他強調，這一路非常努力，可以說是日夜工作、
不
想讓大家失望，希望台灣的改變可以更快。

柯文哲坦言，自己在過程中自己亂了腳步，「你們（小草）省吃儉用捐出來的每一塊錢、
每
一個支持的行動，我都非常珍惜，我從來沒有貪圖個人的享受」。

柯文哲說，沒有想到因為他個人的疏忽和草率，辜負了大家對他的信任，「你們的憤怒、
不
滿、責難，我都要概括承受，接下來的3個月我會靜待黨內的調查結果，並好好思考怎麼
替
台灣努力」。

接著柯文哲說，在這地方拜託大家，請大家給民眾黨優秀的黨公職還有夥伴們一個公平發
展
的機會，「他們已經因為我承受太多壓力跟責難，他們都在為了更好的台灣努力，相信大
家
都可以一起走出這風暴跟困難」

https://www.ettoday.net/news/20240829/2806962.htm","[{'tag': '推', 'userid': 'achun1212', 'content': '以下開放傻鳥攻擊'}, {'tag': '推', 'userid': 'rayisgreat', 'content': '珍惜地拿去買4300萬豪宅'}, {'tag': '→', 'userid': 'h100733', 'content': '珍惜到買4300萬商辦還放名下,屌'}, {'tag': '推', 'userid': 'ghostl40809', 'content': '珍惜買商辦掛自己名下'}, {'tag': '→', 'userid': 'Jkyzer', 'content': '好 要去哪裡捐=='}, {'tag': '→', 'userid': 'kairi5217', 'content': '我這個人比較直接啦 有需要 就買！'}, {'tag': '→', 'userid': 'h100733', 'content': '會開放小草入住參觀嗎？'}, {'tag': '噓', 'userid': 'kinve1014', 'content': '那你買4千多萬辦公室叫珍惜 哈哈哈哈'}, {'tag': '→', 'userid': 'getter5566', 'content': '非常珍惜拿去買豪宅'}, {'tag': '噓', 'userid': 'soria', 'content': '噗'}, {'tag': '→', 'userid': 'athome1', 'content': '小草沒放棄 阿北繼續買房去'}, {'tag': '推', 'userid': 'zzs123344', 'content': '好珍惜 所以我買豪宅 嘻嘻'}, {'tag': '→', 'userid': 'nekoares', 'content': '你們省吃儉用捐的錢我都非常珍惜的用'}, {'tag': '→', 'userid': 'kairi5217', 'content': '謝謝小草 你們沒需要 就別買了 都抖過'}, {'tag': '→', 'userid': 'asd0112', 'content': '語畢 哄堂大笑'}, {'tag': '→', 'userid': 'kairi5217', 'content': '來 阿北務實 阿北直接'}, {'tag': '→', 'userid': 'keane9112', 'content': '珍惜的買下私人不動產'}, {'tag': '→', 'userid': 'SRadiant', 'content': '珍惜個人的還是黨的？'}, {'tag': '推', 'userid': 'eyeter', 'content': '小草未來請繼續捐款給阿北'}, {'tag': '→', 'userid': 'zzs123344', 'content': '感覺很像嘲諷小草'}, {'tag': '推', 'userid': 'shields5566', 'content': '塔綠斑要搞清楚 4300萬不是小草捐的'}, {'tag': '→', 'userid': 'shields5566', 'content': '錢 是選舉補助款 所以是你納稅人的錢'}, {'tag': '→', 'userid': 'achun1212', 'content': '慈濟都拿來蓋大樓、買地了'}, {'tag': '→', 'userid': 'shields5566', 'content': ':)'}, {'tag': '推', 'userid': 'sin31429', 'content': '錢都還在拉'}, {'tag': '推', 'userid': 'sariel0322', 'content': '掛在自己名下的那種珍惜'}, {'tag': '→', 'userid': 'ststLiang', 'content': '結果跟藍綠一樣 鬼話連篇'}, {'tag': '推', 'userid': 'nowitzki0207', 'content': '這種講法太不負責，當小草沒腦膩'}, {'tag': '推', 'userid': 'sniperxii', 'content': '請繼續為台灣的正常化努力'}, {'tag': '→', 'userid': 'babuarea', 'content': '變成自己的錢當然很珍惜'}, {'tag': '推', 'userid': 'EKman', 'content': '住在豪宅裡的我，一定會好好過著每一天'}, {'tag': '→', 'userid': 'loserloser', 'content': '阿北真的 我哭死 洨草記得捐錢= ='}, {'tag': '→', 'userid': 'Newtype', 'content': '#你捐多少'}, {'tag': '推', 'userid': 'chuchichan', 'content': '換成豪宅也是珍惜嗎笑死'}, {'tag': '→', 'userid': 'ILike58', 'content': '非常珍惜的置產XD。'}, {'tag': '噓', 'userid': 'soria', 'content': '政治獻金洗成私人財產 你好樣的'}, {'tag': '→', 'userid': 'alex00089', 'content': '我會很珍惜放在'}, {'tag': '推', 'userid': 'sce76', 'content': '非常珍惜 所以我拿去買商辦來增值'}, {'tag': '推', 'userid': 'ralfeistein', 'content': 'https://i.imgur.com/8F7JZKD.jpg'}, {'tag': '→', 'userid': 'Jimny5566', 'content': '在講這種話之前都沒想過會被噹到死嗎'}, {'tag': '推', 'userid': 'selisja', 'content': 'https://i.imgur.com/hg7fjdz.jpeg'}, {'tag': '→', 'userid': 'Jimny5566', 'content': '？智商157怎麼表現的像智商57'}, {'tag': '推', 'userid': 'flavorBZ', 'content': '最不開心的就是民進黨支持者'}, {'tag': '噓', 'userid': 'plih', 'content': '現金買方就是爽'}, {'tag': '→', 'userid': 'ststLiang', 'content': '他沒搞清楚 會投給他的人不會信這種鬼'}, {'tag': '→', 'userid': 'ststLiang', 'content': '話'}, {'tag': '噓', 'userid': 'sakyro', 'content': '拿去買商辦賺房租，總比存在總部來得好'}, {'tag': '推', 'userid': 'hank81177', 'content': '推，如果是藍綠才不會出來開記者會'}, {'tag': '推', 'userid': 'jianpi', 'content': '難怪我媽叫我省錢買房 不要吃吃喝喝 要珍'}, {'tag': '推', 'userid': 'sunnyyoung', 'content': '珍惜 所以不動用......變成不動產來'}, {'tag': '→', 'userid': 'jianpi', 'content': '惜'}, {'tag': '→', 'userid': 'sunnyyoung', 'content': '用'}, {'tag': '推', 'userid': 'wateryou', 'content': '一分一毫我都把它賺進我自己的口袋買房'}, {'tag': '→', 'userid': 'z2wen', 'content': '哈哈哈哈哈哈哈哈'}, {'tag': '→', 'userid': 'Newtype', 'content': '#義無反顧賺一票'}, {'tag': '→', 'userid': 'littmann', 'content': '所以買個商辦不動產保值'}, {'tag': '→', 'userid': 'wateryou', 'content': '保存得很好 小草們可以放心繼續斗內Y'}, {'tag': '推', 'userid': 'elec1141', 'content': '裝睡的人叫不醒 柯柯'}, {'tag': '推', 'userid': 'veryGY', 'content': '想撈錢被抓到也是會這樣說阿'}, {'tag': '→', 'userid': 'z2wen', 'content': '阿北務實，4300房產'}, {'tag': '→', 'userid': 'STi2011', 'content': '你要確咧?'}, {'tag': '推', 'userid': 'welly520', 'content': '退一退吧 不然都只監督你 別人都躲掉'}, {'tag': '→', 'userid': 'KimWexler', 'content': '會嗎 我看很多投他的人還是信啊'}, {'tag': '→', 'userid': 'z2wen', 'content': '400萬肖像權XDDDDD省吃儉用'}, {'tag': '推', 'userid': 'chihching666', 'content': '這臉皮 雄風飛彈都打不穿'}, {'tag': '推', 'userid': 'Afro5566', 'content': '小草聽了就馬上去多跑幾趟uber'}, {'tag': '推', 'userid': 'RanceTsai', 'content': '謝謝你喜歡阿北'}, {'tag': '推', 'userid': 'ds2tw', 'content': '省吃檢用，買商辦、看豪宅'}, {'tag': '→', 'userid': 'TryToBe', 'content': '珍惜所以用200萬租木可兩輛車還出改裝費'}, {'tag': '推', 'userid': 'sesd', 'content': '你們省吃儉用捐的錢 變成我的房地產 謝謝喔'}, {'tag': '噓', 'userid': 'kimi7812', 'content': '柯文哲：你們省吃儉用捐的錢我都非常珍'}, {'tag': '→', 'userid': 'z2wen', 'content': '這不要臉的程度，堪稱台灣第一'}, {'tag': '推', 'userid': 'ch333', 'content': '民眾黨差不多毀了'}, {'tag': '→', 'userid': 'kimi7812', 'content': '惜（買房子）'}, {'tag': '推', 'userid': 'Lia', 'content': '很珍惜的發在口袋裡www'}, {'tag': '推', 'userid': 'grosjeanyang', 'content': '偉大政黨需要信徒抖  加油！'}, {'tag': '推', 'userid': 'sce76', 'content': '都掛在自己名下了 當然要珍惜囉'}, {'tag': '推', 'userid': 'a82412', 'content': '珍惜使用'}, {'tag': '→', 'userid': 'bluesun183', 'content': '小草省吃儉用 我才能大魚大肉 住豪宅'}, {'tag': '噓', 'userid': 'gliga', 'content': '哈哈哈哈哈哈'}, {'tag': '→', 'userid': 'chaunen', 'content': '珍惜的買豪宅'}, {'tag': '→', 'userid': 'desirU', 'content': '請珍惜柯文哲還在的時刻'}, {'tag': '推', 'userid': 'Sessyoin', 'content': '沒你們捐 我怎麼買房子收租'}, {'tag': '推', 'userid': 'ashing20s', 'content': '所以阿北拿來買高檔豪宅，精挑細選過'}, {'tag': '推', 'userid': 'x007', 'content': '誰不珍惜'}, {'tag': '推', 'userid': 'ldzaqn', 'content': '要是有人捐錢給我我也很珍惜'}, {'tag': '推', 'userid': 'ShinRuei', 'content': '小草哭了'}, {'tag': '→', 'userid': 'Sessyoin', 'content': '小草跑外送的血汗錢 捐去給師父買房收租'}, {'tag': '推', 'userid': 'youare', 'content': '你們捐的200元沒有不見 阿北幫你們變豪宅'}, {'tag': '→', 'userid': 'Sessyoin', 'content': '超爽的'}, {'tag': '推', 'userid': 'zonppp', 'content': '讚讚讚~ 阿北務實'}, {'tag': '推', 'userid': 'acdawa', 'content': '繼續收割死忠小草'}, {'tag': '推', 'userid': 'luna2000sea', 'content': '阿北會好好用的'}, {'tag': '推', 'userid': 'CloserJ', 'content': '看低能1450換洗什麼 北七青鳥'}, {'tag': '推', 'userid': 'z2wen', 'content': '掛名自已的商辦收租讓阿北更有力量監督藍'}, {'tag': '推', 'userid': 'longing2046', 'content': '青鳥網軍：不聽 不看 不想'}, {'tag': '→', 'userid': 'youare', 'content': '小草終於買到房 積少成多變豪宅 有夠勵志'}, {'tag': '→', 'userid': 'z2wen', 'content': '綠'}, {'tag': '推', 'userid': 'master56', 'content': '珍惜累積買豪宅'}, {'tag': '推', 'userid': 'PJmr', 'content': '沒招了，只能訴諸感性繼續勒索'}, {'tag': '→', 'userid': 'dragon6', 'content': '讓我好好想想可以買甚麼'}, {'tag': '推', 'userid': 'iqnine', 'content': '收租金的時候心懷感恩'}, {'tag': '推', 'userid': 'bradyhau106', 'content': '房地產是真的保值 阿北又不是拿去炒'}, {'tag': '→', 'userid': 'c90051kevin', 'content': '私人錢買辦公室乾塔綠班ㄆㄧˋ  ㄕˋ'}, {'tag': '→', 'userid': 'bradyhau106', 'content': '股'}, {'tag': '→', 'userid': 'youare', 'content': '阿北兌現承諾 小草的捐款變成房子了'}, {'tag': '→', 'userid': 'charles4', 'content': '有人捐錢給我，我會很珍惜買保持捷.....'}, {'tag': '→', 'userid': 'z2wen', 'content': '你們買不起房，阿北先幫你們實現啦'}, {'tag': '推', 'userid': 'AustinRivers', 'content': '笑死'}, {'tag': '→', 'userid': 'dmmsiang', 'content': '傻鳥聽不懂'}, {'tag': '→', 'userid': 'master56', 'content': '妙蟬也很感恩信眾付出的每一筆錢捏'}, {'tag': '推', 'userid': 'immence', 'content': '心懷感恩的買豪宅買商辦 真心感謝:)'}, {'tag': '→', 'userid': 'immence', 'content': '真的完全邪教化了 好可怕'}, {'tag': '→', 'userid': 'EBVirus', 'content': '買商辦就算了 重點是競選辦公室裝潢亂花'}, {'tag': '推', 'userid': 'lewis97001', 'content': '拿去買房超珍惜'}, {'tag': '→', 'userid': 'EBVirus', 'content': '還有那台競選車的租金200萬'}, {'tag': '→', 'userid': 'athome1', 'content': '阿北兒子缺錢又想住豪宅，再捐起來'}, {'tag': '推', 'userid': 'farseer7', 'content': '非常珍惜的買商辦在自己的名下長長久久'}, {'tag': '→', 'userid': 'dandes0227', 'content': '拿去養太子堯 嘻嘻'}, {'tag': '推', 'userid': 'calad', 'content': '放在口袋珍惜'}, {'tag': '推', 'userid': 'windangellin', 'content': '推'}, {'tag': '推', 'userid': 'new71050', 'content': '小草哭著感謝党 跟吉仲一樣'}, {'tag': '推', 'userid': 'KZS', 'content': '阿北加油 民眾黨加油'}, {'tag': '推', 'userid': 'otld', 'content': '他的""珍惜""應該可以同義於""愛""'}, {'tag': '→', 'userid': 'eternal5429', 'content': '推阿北'}, {'tag': '推', 'userid': 'lwt501cx', 'content': '笑了 柯真的把小草當白癡在耍'}, {'tag': '噓', 'userid': 'grosjeanyang', 'content': '看起來政治很難，阿北都搞不定'}, {'tag': '推', 'userid': 'piwolf', 'content': '小草的錢沒有不見 只是變成阿北喜歡的樣子'}, {'tag': '推', 'userid': 'yangweiisi', 'content': '珍惜到花大錢做假民調？？？？？'}, {'tag': '→', 'userid': 'ststLiang', 'content': '才一個沒幾年的黨 現在講的話就跟民進'}, {'tag': '→', 'userid': 'farseer7', 'content': '4000多萬商辦還買貴了…哪裡珍惜？'}, {'tag': '→', 'userid': 'kerotamama', 'content': '珍惜到只是拿去買買房逛逛豪宅而已T_T'}, {'tag': '推', 'userid': 'ufo559', 'content': '都拿去幫兒子買房了 小草哭暈在廁所'}, {'tag': '→', 'userid': 'ststLiang', 'content': '黨講出來的一樣'}, {'tag': '推', 'userid': 'thereisno', 'content': '珍惜的拿去買商辦掛在自己名下'}, {'tag': '推', 'userid': 'ps1', 'content': '買豪宅超珍惜 還能收租 真的很感謝小草'}, {'tag': '推', 'userid': 'Blackisgood', 'content': '真的幸好我沒捐'}, {'tag': '推', 'userid': 'rooberte', 'content': '現金買房 真的很珍惜'}, {'tag': '推', 'userid': 'beeboombee', 'content': '九品芝麻官說過 清官要比貪官更奸'}, {'tag': '推', 'userid': 'bart102617', 'content': '非常珍惜 所以我集中起來買個辦公室'}, {'tag': '推', 'userid': 'vacamin', 'content': '我都非常享受'}, {'tag': '推', 'userid': 'MXZR', 'content': '阿北真的把小草當白癡？'}, {'tag': '推', 'userid': 'BBQOO', 'content': 'https://i.imgur.com/j6q2dWS.jpeg'}, {'tag': '→', 'userid': 'farseer7', 'content': '小草真的好笑'}, {'tag': '推', 'userid': 'sheed30', 'content': '買房子會增值，確實很珍惜'}, {'tag': '推', 'userid': 'hmt17', 'content': 'https://i.imgur.com/jnWbHrM.jpeg'}, {'tag': '推', 'userid': 'z2wen', 'content': '阿北感謝小草讓兒子能無痛繼承房產^^'}, {'tag': '噓', 'userid': 'zsxa1234', 'content': '珍惜的洗到自己口袋，一點都不浪費，那'}, {'tag': '推', 'userid': 'ken0609', 'content': '很珍惜的拿去吞農地屯商辦看豪宅'}, {'tag': '→', 'userid': 'zsxa1234', 'content': '些離開的人都沒拿到所以才離開'}, {'tag': '推', 'userid': 'iphone55566', 'content': '今天這段感謝斗內講得很誠懇 讚讚！'}, {'tag': '→', 'userid': 'Pet', 'content': '幹 捐給我 我也會很珍惜啊  XDDDDD'}, {'tag': '推', 'userid': 'ga34122', 'content': '小草還不快多去跑幾趟外送'}, {'tag': '推', 'userid': 'F12', 'content': '4300萬商辦我會很珍惜'}, {'tag': '推', 'userid': 'polotower', 'content': '阿北沒有輸！阿北超越藍綠居住正義！！'}, {'tag': '推', 'userid': 'linbasohigh', 'content': '金流攤在陽光下，有問題被針對也好過'}, {'tag': '推', 'userid': 'n3688', 'content': '就像媽媽幫兒子保管壓歲錢一樣XD'}, {'tag': '→', 'userid': 'linbasohigh', 'content': '莫名其妙就能拿得出4800萬'}, {'tag': '推', 'userid': 'languery', 'content': '翻譯：你們還有錢'}, {'tag': '→', 'userid': 'z2wen', 'content': '以後柯兒跟女友入住4300萬房子，小草要賀'}, {'tag': '→', 'userid': 'iphone55566', 'content': '我看不少直播 有抓到直播主的精隨'}, {'tag': '→', 'userid': 'z2wen', 'content': '喜教主'}, {'tag': '推', 'userid': 'DflowerT', 'content': '非常珍惜，所以必須掛自己名下'}, {'tag': '推', 'userid': 'kevinq33', 'content': '豪宅還沒買所以沒有享受'}, {'tag': '→', 'userid': 's155260', 'content': '買房囉'}, {'tag': '推', 'userid': 's881720', 'content': '珍惜的買下房子 師傅太感人了'}, {'tag': '→', 'userid': 'z2wen', 'content': '柯兒說不定能因為房子找到女友，小草繼續'}, {'tag': '推', 'userid': 'bunbunbun', 'content': '就兩個字'}, {'tag': '→', 'userid': 'z2wen', 'content': '跑外送XD'}, {'tag': '→', 'userid': 'MXZR', 'content': '5個字重點：我非常........享受'}, {'tag': '推', 'userid': 'thindust', 'content': '金句 我買監督力道較強'}, {'tag': '→', 'userid': 'colinfeng', 'content': '阿伯務實 義無反顧繼續支持'}, {'tag': '推', 'userid': 'antiSOC', 'content': '捐這點小錢不用省吃儉用 成大事不拘小節'}, {'tag': '→', 'userid': 'plih', 'content': '這種人7414啦'}, {'tag': '→', 'userid': 'antiSOC', 'content': '但台灣80%精力用來處理小節 有夠內耗'}, {'tag': '推', 'userid': 'cuzi', 'content': '小鳥好多'}, {'tag': '推', 'userid': 'HodorDragon', 'content': '我很珍惜地買下了商辦 感謝小草'}, {'tag': '推', 'userid': 'timdun', 'content': '好的 繼續投柯 傻鳥悲憤'}, {'tag': '→', 'userid': 'BaRanKa', 'content': '政治人物講這個嘛...'}, {'tag': '噓', 'userid': 'kmaster', 'content': '連捐出來都不願意耶'}, {'tag': '推', 'userid': 'Sessyoin', 'content': '小草捐的錢 變成(1)假民調(2)假帳(3)柯'}, {'tag': '→', 'userid': 'Sessyoin', 'content': '文哲個人名下的房產 畢竟是死忠的'}, {'tag': '→', 'userid': 'ojizz4u', 'content': '不是吧，買辦公室這就已經崩完人設 掰惹'}, {'tag': '推', 'userid': 'waynehow', 'content': '阿北又沒錯幹嘛道歉啊'}, {'tag': '推', 'userid': 'chinhan1216', 'content': '阿北 你成交價格新高耶 珍惜？'}, {'tag': '推', 'userid': 'cama', 'content': '非常珍惜所以要洗出來不能留在黨部☺'}, {'tag': '→', 'userid': 'takase', 'content': '小草感激涕零,又多捐了兩百'}, {'tag': '→', 'userid': 'lasaio', 'content': '進去土城就是最大努力'}, {'tag': '推', 'userid': 'beeboombee', 'content': '今天小鳥爽接案耶 爆滿'}, {'tag': '→', 'userid': 'August2006', 'content': '個人商辦炫耀記者會'}, {'tag': '推', 'userid': 'ndtoseooqd', 'content': '一定是捐的不夠多'}, {'tag': '→', 'userid': 'SinShih', 'content': '我相信 你都有放進自己的口袋裡好好珍惜'}, {'tag': '→', 'userid': 'yuwen51', 'content': '真的是笑死人,珍惜到選完可以看億來億去'}, {'tag': '→', 'userid': 'yuwen51', 'content': '的房子,誠實一點直接說就是想賺小草的錢'}, {'tag': '→', 'userid': 'yuwen51', 'content': '可以嗎'}, {'tag': '推', 'userid': 'Zechswind', 'content': '錢錢變成自己喜歡的房子有誰會不珍惜？'}, {'tag': '推', 'userid': 'jokem', 'content': '嘲諷'}, {'tag': '推', 'userid': 'VVinSaber', 'content': '原來是要請假三個月 笑死'}, {'tag': '推', 'userid': 'disk249', 'content': '沒錯幹嘛道歉'}, {'tag': '→', 'userid': 'VVinSaber', 'content': '一枝草一點露 但一堆草一座厝'}, {'tag': '推', 'userid': 'e347331', 'content': '珍惜買不動產XDD'}, {'tag': '→', 'userid': 'KH8019', 'content': '加油'}, {'tag': '推', 'userid': 'kis28519', 'content': '青鳥急了'}, {'tag': '推', 'userid': 'fivemoonsky8', 'content': '已哭'}, {'tag': '→', 'userid': 'STAEGG', 'content': '垃圾哥布林都聽不懂人話'}]"
[新聞] 交通部預告修法！ 「入侵捷運輕軌」最高,4,https://www.ptt.cc/bbs/Gossiping/M.1724917252.A.917.html,"作者youhow0418 (ㄈ87b3)看板Gossiping標題[新聞] 交通部預告修法！ 「入侵捷運輕軌」最高時間Thu Aug 29 15:40:49 2024
交通部預告修法！ 「入侵捷運輕軌」最高罰百萬

台視

高雄輕軌頻傳入侵事故，交通部今（29）天預告修正大眾捷運法，未來民眾或車輛，只要
入侵捷運路線、橋梁、隧道等非公眾通行範圍，以及在捷運軌道上堆疊放置或拋擲物品，
妨礙行車安全，罰鍰金額將從現行1500元到7500元，改為重罰1萬到100萬元，草案也將在
預告60天後進入法制作業。

台北／謝艾純、盧柏璁　責任編輯／林均

https://news.ttv.com.tw/news/11308290001100W","[{'tag': '噓', 'userid': 'JimK0511', 'content': '重點是執行'}, {'tag': '→', 'userid': 'WaWa3', 'content': '輕軌我是你爸爸的炒房工具'}, {'tag': '→', 'userid': 'milkBK', 'content': '跳軌要罰誰'}, {'tag': '→', 'userid': 'babuarea', 'content': '最高罰則在法官那邊當沒看到的'}, {'tag': '→', 'userid': 'neoa01', 'content': '最高喔，那沒事了'}, {'tag': '→', 'userid': 'achun1212', 'content': '罰的到再說啦'}, {'tag': '→', 'userid': 'snow3804', 'content': '食安最高2E,也沒人2E阿'}, {'tag': '噓', 'userid': 'kinve1014', 'content': '罰的比酒駕還重 笑死'}, {'tag': '推', 'userid': 'gn01993343', 'content': '高雄發大財'}, {'tag': '→', 'userid': 'fallinlove15', 'content': '把輕軌拆了吧'}, {'tag': '→', 'userid': 'mmas', 'content': '一定只罰1萬啦 第一天在台灣嗎?'}, {'tag': '推', 'userid': 'lpbrother', 'content': '就學台鐵搭柵欄啊'}, {'tag': '推', 'userid': 'whitefox', 'content': '據說幾十年前國小課本有寫不能放石頭'}, {'tag': '→', 'userid': 'whitefox', 'content': '然後馬上出來一堆屁孩去放石頭,課文隔年'}, {'tag': '→', 'userid': 'whitefox', 'content': '就被取消了'}, {'tag': '→', 'userid': 'eko112', 'content': '罰的到人???'}, {'tag': '→', 'userid': 'athome1', 'content': '修法完將來一定都罰一萬'}, {'tag': '推', 'userid': 'lwt501cx', 'content': '輕軌直接拆了啦 佔用路權'}, {'tag': '噓', 'userid': 'polo5615', 'content': '所以要 為柵欄了吧'}, {'tag': '推', 'userid': 'reallocust', 'content': '比掛假牌酒駕撞死人還貴耶'}, {'tag': '推', 'userid': 'DiMammaMia', 'content': '假車牌順便修法啊'}]"
Re: [新聞] 火烤柯！　黃國昌：智商157被騙簽6點協議,,https://www.ptt.cc/bbs/Gossiping/M.1724917276.A.FDF.html,"作者keikochen (wake up!)看板Gossiping標題Re: [新聞] 火烤柯！　黃國昌：智商157被騙簽6點協議時間Thu Aug 29 15:41:14 2024
今天是烤柯ep2嗎

有個阿北在台上輪流被記者拷問

問A達BCDE

看了好有趣  薩泰爾看到了沒有

這才是喜劇","[{'tag': '噓', 'userid': 'cuzi', 'content': '哪'}]"
[問卦] 也過一段時間了 現在還有可粉嗎,,https://www.ptt.cc/bbs/Gossiping/M.1724917324.A.CBA.html,"作者algebraic (algebraic)看板Gossiping標題[問卦] 也過一段時間了 現在還有可粉嗎時間Thu Aug 29 15:42:02 2024
如題
昨天看阿夸畢業
好感動
聽說昨天大概有74萬人看

但說到畢業
就想到當年另一個畢業人物
桐生可可
聽說他當初畢業的時候有49萬人看

那想問
可可畢業這麼久了
現在還有可粉嗎？

有沒有八卦？","[{'tag': '→', 'userid': 'WaWa3', 'content': '柯粉比你想的有料'}, {'tag': '→', 'userid': 'a27588679', 'content': '姆咪心動動'}]"
[問卦] 如果我發票中1000萬，我馬上辭職讀碩,3,https://www.ptt.cc/bbs/Gossiping/M.1724917352.A.5C6.html,"作者WeiU (台大IU)看板Gossiping標題[問卦] 如果我發票中1000萬，我馬上辭職讀碩時間Thu Aug 29 15:42:29 2024

欸欸肥宅

小妹我台大IU

如果有一天

我們都發現

啊不是

是如果有一天小妹我發票中一千萬

小妹我馬上辭職專心讀碩

甚至出國讀碩都可以

小妹我家兔兔覺得我的想法很好

兔兔說我只是缺個機會

只要中1000萬就ok了

八卦兔兔你們怎麼說

如果中1000萬你們要幹嘛

有卦嗎兔兔","[{'tag': '推', 'userid': 'karta1363946', 'content': '太少'}, {'tag': '推', 'userid': 'Smallsh', 'content': '叔叔下午好 本兔兔也想中發票^=.,=^'}, {'tag': '推', 'userid': 'redDest', 'content': '你中1000萬 我馬上報名當兔兔'}, {'tag': '→', 'userid': 'Newtype', 'content': '別花太爽忘了要繳稅了'}, {'tag': '→', 'userid': 'Vincent8026', 'content': '實拿不到八百，但可以讀博了'}, {'tag': '→', 'userid': 'dung950', 'content': '去學用50萬去玩股票賺錢'}, {'tag': '→', 'userid': 'Nevhir', 'content': '吃兔兔 吃兔兔 吃好吃的兔兔'}]"
[問卦] 智商157怎麼還要抄別人呢？？？？？？？,2,https://www.ptt.cc/bbs/Gossiping/M.1724917359.A.C71.html,"作者shiaumei (shiaumei)看板Gossiping標題[問卦] 智商157怎麼還要抄別人呢？？？？？？？時間Thu Aug 29 15:42:37 2024
小肥同學 一直說自己很聰明
智商157 未來要考醫學院
但現在犯錯了 卻一直說都是學別人 抄別人的
奇怪
不是最聰明 智商這麼高 怎麼還要左抄右抄呢","[{'tag': '→', 'userid': 'fallinlove15', 'content': '我們的憲法好像也是到處抄'}, {'tag': '推', 'userid': 'elec1141', 'content': '沒有擔當的柯文哲'}, {'tag': '→', 'userid': 'fallinlove15', 'content': '很多制度的設計 參考已有的 再做調'}, {'tag': '→', 'userid': 'fallinlove15', 'content': '整 應該是很正常的事吧'}, {'tag': '→', 'userid': 'bluesun183', 'content': '壞的都是抄別人的 好的都自創的'}, {'tag': '→', 'userid': 'Stelios', 'content': '要求重測他的智商'}, {'tag': '→', 'userid': 'nekoares', 'content': '他智商9527也不重要 人是看他的行為'}, {'tag': '→', 'userid': 'Protian', 'content': 'DPP不是很爛抄DPP的幹嘛'}, {'tag': '推', 'userid': 'Agesa', 'content': '政治不難 推給藍綠而已'}, {'tag': '→', 'userid': 'pita30', 'content': '小草很愛說別人抄他作業'}]"
[問卦] 誰不倒台灣不會好？,3,https://www.ptt.cc/bbs/Gossiping/M.1724917409.A.4CD.html,"作者a10181018 (該忘記的與該牢記的)看板Gossiping標題[問卦] 誰不倒台灣不會好？時間Thu Aug 29 15:43:27 2024
如題啦，常常聽到大家在講xx不倒xx不會好，那哪個人或組織不倒台灣不會好？有沒有八卦
啊？還是台灣目前已經是史上巔峰了？卦？","[{'tag': '→', 'userid': 'james732', 'content': '問就是柯文哲'}, {'tag': '噓', 'userid': 'WIGGINS22', 'content': '柯'}, {'tag': '推', 'userid': 'Dirgo', 'content': '國民黨->民進黨->民眾黨'}, {'tag': '推', 'userid': 'sce76', 'content': '其實這些組織不倒 台灣這些年來還是好好的'}, {'tag': '→', 'userid': 'erown45654', 'content': '糞島猴子不死光，糞島人就全死光'}, {'tag': '→', 'userid': 'applebird', 'content': '柯文哲'}, {'tag': '→', 'userid': 'purin3333', 'content': '共產黨'}, {'tag': '推', 'userid': 'userpeter', 'content': '國民黨 和 柯P黨 ...'}]"
[問卦] 智商157的會被騙？,2,https://www.ptt.cc/bbs/Gossiping/M.1724917413.A.4E0.html,"作者se2422 (庫帕)看板Gossiping標題[問卦] 智商157的會被騙？時間Thu Aug 29 15:43:30 2024
一個人的智商能證明什麼嗎？
有個人說自身的智商有157
結果一直被騙
是怎麼回事？
是不準確嗎？
有沒有智商其實也只是參考的卦？","[{'tag': '→', 'userid': 'O10lOl01O', 'content': '智商高達157 卻很愛貼噁圖'}, {'tag': '推', 'userid': 'HJC6666', 'content': '會被三個男人騙到小房間簽六點協議'}, {'tag': '推', 'userid': 'bluesun183', 'content': '到底是誰被騙還不知道勒 嘿嘿'}, {'tag': '推', 'userid': 'arquee', 'content': '柯媽媽說文哲不會貪污不然早選上了'}, {'tag': '→', 'userid': 'KimWexler', 'content': '15+7'}, {'tag': '噓', 'userid': 'aggressorX', 'content': '會被騙跟智商無關'}, {'tag': '→', 'userid': 'cdmlin', 'content': '看不懂財報跟申報也不會問嗎?'}, {'tag': '噓', 'userid': 'Stelios', 'content': '或許158才比較聰明，近日重測一次吧'}, {'tag': '推', 'userid': 'userpeter', 'content': '因為有人騙他有157... 呵呵呵'}]"
[問卦] 都是they的錯是不是很好用,1,https://www.ptt.cc/bbs/Gossiping/M.1724917428.A.54E.html,"作者AoyamaNanami (AoyamaNanami)看板Gossiping標題[問卦] 都是they的錯是不是很好用時間Thu Aug 29 15:43:46 2024
我朋友拉

去年開一間公司

從前一間公司抄一堆制度

結果現在出包

一直說前公司也這樣

我怎麼有問題


都是they的錯這句是不是很好用

==","[{'tag': '→', 'userid': 'hat13201', 'content': '開記者會啦沒空'}, {'tag': '→', 'userid': 'fallinlove15', 'content': '中央十成 鼓山漁港變蚊子館 這樣'}, {'tag': '→', 'userid': 'Diaw0803', 'content': '就學綠的 一樣爛'}, {'tag': '推', 'userid': 'userpeter', 'content': '柯P自己出包，也可以扯到民進黨... XD'}, {'tag': '→', 'userid': 'guanaco', 'content': '支持者夠死忠才行'}]"
[問卦] 為捨摸我旁邊的同事一年能出國兩次==,10,https://www.ptt.cc/bbs/Gossiping/M.1724917428.A.864.html,"作者Ommmmmm5566 (有人責備我們不夠深入)看板Gossiping標題[問卦] 為捨摸我旁邊的同事一年能出國兩次==時間Thu Aug 29 15:43:44 2024

本寶寶的同事昨天剛從大阪玩五天回來

然後剛剛被我發現她又在買機票

說明年初要去北海道玩

啊是怎樣為啥大家都同事領的錢應該差不多

為啥他可以一直出國啊

卦==？","[{'tag': '→', 'userid': 'syntax123', 'content': '小秘密'}, {'tag': '推', 'userid': 'peatle', 'content': '為什麼不行'}, {'tag': '→', 'userid': 'Jkyzer', 'content': '才2次== 20次再來問'}, {'tag': '推', 'userid': 'xul4m4vu6666', 'content': '人家賺的是零用錢 你的是薪水 懂？'}, {'tag': '推', 'userid': 'timboy512', 'content': '賤女人啊'}, {'tag': '推', 'userid': 'm13579', 'content': '看怎麼玩 自由行可以玩的很省'}, {'tag': '→', 'userid': 'Dhack5321', 'content': '去不起墾丁阿'}, {'tag': '噓', 'userid': 'b9021008', 'content': '肛'}, {'tag': '→', 'userid': 'hat13201', 'content': '在哪我也要去摸'}, {'tag': '推', 'userid': 'achun1212', 'content': '明年初是今年嗎? 明明就一次'}, {'tag': '→', 'userid': 'achun1212', 'content': '年中有分紅 年初有年終'}, {'tag': '→', 'userid': 'alex00089', 'content': '有什麼困難國旅更難'}, {'tag': '推', 'userid': 'ChungLi5566', 'content': '我遇過一年四次的 後來嫁人就離職'}, {'tag': '→', 'userid': 'Ommmmmm5566', 'content': '他今年初也有！'}, {'tag': '推', 'userid': 'bkm1', 'content': '先說你月薪多少 我們再判斷合不合理'}, {'tag': '→', 'userid': 'alex00089', 'content': '以前有一個女同事幾乎每個月都出國'}, {'tag': '推', 'userid': 'ef8637562', 'content': '一趟頂多4萬 有啥問題?'}, {'tag': '→', 'userid': 'ef8637562', 'content': '日本還好吧又不是歐洲'}, {'tag': '推', 'userid': 'achun1212', 'content': '單身住家裡一個月存不到1萬?'}, {'tag': '→', 'userid': 'bkm1', 'content': '我周遭同事 不用養家 一趟3萬 夠每個月出去'}, {'tag': '→', 'userid': 'erown45654', 'content': '因為有糞島女神黑嘉嘉帶領ㄅ'}, {'tag': '→', 'userid': 'druu', 'content': '住老家積的假賺的錢全部拿來爽就這樣啊'}, {'tag': '→', 'userid': 'druu', 'content': '男生還是乖乖賺錢付房貸車貸吧'}, {'tag': '推', 'userid': 'NSRC', 'content': '嬯女日常．．．'}, {'tag': '推', 'userid': 'piwolf', 'content': '你是不是省吃儉用把錢捐給某個假老二?'}]"
[新聞] 財務爭議向小草道歉　柯文哲：你們省吃,14,https://www.ptt.cc/bbs/Gossiping/M.1724917437.A.A02.html,"作者s455049 (KhaiKun)看板Gossiping標題[新聞] 財務爭議向小草道歉　柯文哲：你們省吃時間Thu Aug 29 15:43:55 2024
備註請放最後面 違者新聞文章刪除

1.媒體來源:
※ 例如蘋果日報、自由時報（請參考版規下方的核准媒體名單）
※ Yahoo、MSN、LINE等非直接官方新聞連結不被允許
ETtoday新聞雲

2.記者署名:
※ 若新聞沒有記者名字或編輯名字，請勿張貼，否則會被水桶14天
※ 外電至少要有來源或編輯 如:法新社
記者陳家祥

3.完整新聞標題:
※ 標題沒有完整寫出來","[{'tag': '→', 'userid': 'james732', 'content': '還有人相信嗎'}, {'tag': '噓', 'userid': 'hbk20491', 'content': '這種話敢說 我都不敢聽想從這裏跳下去'}, {'tag': '→', 'userid': 'paladin499', 'content': '青鳥崩潰'}, {'tag': '→', 'userid': 'elec1141', 'content': '珍惜的拿去買房 柯柯'}, {'tag': '噓', 'userid': 'taiwan08', 'content': 'Op了啦'}, {'tag': '推', 'userid': 'z2wen', 'content': '4300萬房產XDDDDDDDDD'}, {'tag': '推', 'userid': 'Dirgo', 'content': '每個子我都努力洗進我的口袋裡,極度珍惜.'}, {'tag': '→', 'userid': 'airswalker', 'content': '小草信了 請繼續捐款給阿北'}, {'tag': '→', 'userid': 'STi2011', 'content': '你要確咧?'}, {'tag': '噓', 'userid': 'Wb2029T', 'content': '是小草崩潰吧'}, {'tag': '噓', 'userid': 'puma20055', 'content': '嘻嘻 不要再裝了'}, {'tag': '→', 'userid': 'desirU', 'content': '青鳥崩潰狂噓了'}, {'tag': '推', 'userid': 'a6435966', 'content': '珍惜到租金收爽爽'}, {'tag': '噓', 'userid': 'billybbb', 'content': '幹你涼勒你先替你自己努力吧，在那邊情'}, {'tag': '→', 'userid': 'nekoares', 'content': '我真的會笑死'}, {'tag': '→', 'userid': 'billybbb', 'content': '勒為台灣努力'}, {'tag': '推', 'userid': 'fertalizer', 'content': 'XDD'}, {'tag': '→', 'userid': 'coupon', 'content': 'https://i.imgur.com/FKdTrFh.jpeg'}, {'tag': '推', 'userid': 'touchbird', 'content': '阿北沒有享受 都是要給兒子 = ='}, {'tag': '→', 'userid': 'lst77', 'content': '買那間商辦時到底是懷著什麼心情呢？'}, {'tag': '噓', 'userid': 'otld', 'content': '珍惜到還完房貸還額外買不動產到自己名下'}, {'tag': '→', 'userid': 'otld', 'content': '他的珍惜和愛有沒有差別??'}, {'tag': '→', 'userid': 'fallinlove15', 'content': '不是說會拿出來給黨的活動用嗎 傻'}, {'tag': '→', 'userid': 'fallinlove15', 'content': '鳥阿 別人說了 你又不聽'}, {'tag': '噓', 'userid': 'initiate73', 'content': '450萬進口袋了不是？'}, {'tag': '→', 'userid': 'fallinlove15', 'content': '不是說用於黨務 別人回答了 還繼續'}, {'tag': '推', 'userid': 'Brinkley', 'content': '200萬租胖卡？'}, {'tag': '→', 'userid': 'fallinlove15', 'content': '造謠'}, {'tag': '推', 'userid': 'ct412133', 'content': '地方黨部都要自己花授權費 給黨用?'}, {'tag': '推', 'userid': 'uless', 'content': '房產登記在自己名下很多支持者沒辦法接受'}, {'tag': '→', 'userid': 'uless', 'content': '吧'}, {'tag': '→', 'userid': 'magamanzero', 'content': '沒捐過錢給他 就不噓了'}, {'tag': '→', 'userid': 'athome1', 'content': '阿北想住豪宅，再捐起來'}, {'tag': '→', 'userid': 'eric999', 'content': '拿去買房給兒子 的確很珍惜啊'}, {'tag': '→', 'userid': 'uless', 'content': '如果說拿去清償為了選舉拿房子抵押的債務'}, {'tag': '→', 'userid': 'uless', 'content': '就算了 拿去買辦公室登記自己名下支持者真'}, {'tag': '→', 'userid': 'uless', 'content': '的會很錯愕'}, {'tag': '推', 'userid': 'sendoh1231', 'content': '你們的省吃儉用成了我的一磚一瓦'}, {'tag': '→', 'userid': 'eternal5429', 'content': '會反省的人對上不會反省的人'}, {'tag': '推', 'userid': 'kerotamama', 'content': '飲水思源好感人 只是戶頭多了七千萬QQ'}, {'tag': '推', 'userid': 'sce76', 'content': '1F:我相信啊 都轉到自己名下 當然要珍惜'}, {'tag': '噓', 'userid': 'iversonman', 'content': '支持小草繼續捐啦'}, {'tag': '噓', 'userid': 'yuyi0504', 'content': '這句真的噁心'}, {'tag': '推', 'userid': 'easylovegame', 'content': '阿北加油!!!'}, {'tag': '→', 'userid': 'coolrock', 'content': '且捐且珍惜'}, {'tag': '→', 'userid': 'guanaco', 'content': '拿來蓋社宅給小草住好了'}, {'tag': '推', 'userid': 'HaHaPoint', 'content': '轉成房地產 的確是比較保值'}, {'tag': '推', 'userid': 'godblesses', 'content': '賴清德會為鄭文燦給媒體提問嗎？'}, {'tag': '→', 'userid': 'iamtoni', 'content': '珍惜到扛4300萬現金去買房，笑死'}, {'tag': '→', 'userid': 'ststLiang', 'content': '果然他還是戴上魔戒'}, {'tag': '推', 'userid': 'akira27', 'content': '珍惜著給兒子買房，笑死'}, {'tag': '推', 'userid': 'chrischiu', 'content': '他不知道有沒有木可股份？'}, {'tag': '推', 'userid': 'splendidpoem', 'content': '柯本人是不會貪污啦。但一個監管能'}, {'tag': '→', 'userid': 'splendidpoem', 'content': '力不足的清官，就是放任下面的人，'}, {'tag': '推', 'userid': 'moke', 'content': '買私人房產算輕忽草率？雖然不違法，但小草'}, {'tag': '→', 'userid': 'splendidpoem', 'content': '利用清官之名上下其手。'}, {'tag': '→', 'userid': 'moke', 'content': '會傷心，這和阿扁私人口袋的建國基金有何不'}, {'tag': '→', 'userid': 'moke', 'content': '同？'}, {'tag': '→', 'userid': 'darkbrigher', 'content': '木可金流都進咳P帳戶了 還在不會XDD'}, {'tag': '→', 'userid': 'chrischiu', 'content': '如果有股份還可以分潤'}, {'tag': '推', 'userid': 'polotower', 'content': '居住正義！超越藍綠！阿北可愛'}, {'tag': '→', 'userid': 'STAEGG', 'content': '藍綠沒人敢像他這樣接受提問'}, {'tag': '推', 'userid': 'lj613', 'content': '怎麼有人可以一本正經說幹話'}, {'tag': '→', 'userid': 'demonh311', 'content': '珍惜買房'}, {'tag': '推', 'userid': 'b22779200', 'content': '14集1000萬影片+200萬胖卡 珍惜個屁'}, {'tag': '推', 'userid': 'blessme', 'content': '我很珍惜 所以去看了1.2億的房子'}, {'tag': '推', 'userid': 'aventy1840', 'content': '我都沒有貪圖個人的享受，但是peggy'}, {'tag': '→', 'userid': 'aventy1840', 'content': '看1.2億的房是要給堯堯的。'}]"
Re: [爆卦] Live 柯文哲大選政治獻金 一次澄清記者會,,https://www.ptt.cc/bbs/Gossiping/M.1724917457.A.828.html,"作者wamng (wamng)看板Gossiping標題Re: [爆卦] Live 柯文哲大選政治獻金 一次澄清記者會時間Thu Aug 29 15:44:12 2024
聽完記者會，結果什麼也沒解釋清楚，

跟之前一個樣，還不如不開，完全避重就輕。

請假三個月逃避責任，阿北真是不行阿","[{'tag': '噓', 'userid': 'ted01234567', 'content': '抹。繼續抹'}, {'tag': '推', 'userid': 'xboxandone', 'content': '大概是賭通常幾個月媒體就淡忘了?'}, {'tag': '→', 'userid': 'ILike58', 'content': '今晚大概就要坐桶子了吧。'}, {'tag': '推', 'userid': 'cka', 'content': '還以為他講得出甚麼新東西'}, {'tag': '噓', 'userid': 'ju06080719', 'content': '黨員貪污 黨主席裝死才算負責！'}, {'tag': '噓', 'userid': 'star99', 'content': '哥布林：吼！我不相信！我不要相信！'}, {'tag': '→', 'userid': 'star99', 'content': '怎麼柯文哲還沒被抓起來 我快要中風啦'}, {'tag': '→', 'userid': 'KKftw', 'content': '摘要「錢進我口袋別想要我拿一毛出來」'}, {'tag': '噓', 'userid': 'URGE1018', 'content': '青鳥別崩潰 有問題趕快抓起來啦。講好'}, {'tag': '→', 'userid': 'URGE1018', 'content': '幾個月了 還在外面趴趴造 開記者會 檢'}, {'tag': '→', 'userid': 'URGE1018', 'content': '調效率差 案子都要壓七年'}, {'tag': '→', 'userid': 'applebird', 'content': '青鳥怎麼不弄倒柯批，這樣不就上位了'}, {'tag': '噓', 'userid': 'ken88787', 'content': '好啦 要羈押沒啦'}, {'tag': '噓', 'userid': 'gloryed', 'content': '耳朵關起來當然什麼都聽不到'}, {'tag': '推', 'userid': 'iamtoni', 'content': 'https://i.imgur.com/XZdwASY.jpeg'}, {'tag': '推', 'userid': 'takase', 'content': '""等立法院開議,一切都會好起來的""'}, {'tag': '推', 'userid': 'STAEGG', 'content': '哥布林聽不懂很正常，因為你們本來就不正'}, {'tag': '→', 'userid': 'STAEGG', 'content': '常'}, {'tag': '→', 'userid': 'wamng', 'content': '錢在自己名下才叫監督XD'}, {'tag': '→', 'userid': 'wamng', 'content': '阿北真棒，小草堅挺'}]"
[問卦] 朋友想聞女同事腳臭打手槍該怎辦？,2,https://www.ptt.cc/bbs/Gossiping/M.1724917472.A.01B.html,"作者ryusenming ( )看板Gossiping標題[問卦] 朋友想聞女同事腳臭打手槍該怎辦？時間Thu Aug 29 15:44:30 2024

這朋友說的
就他公司有個62歲的女同事
可是腿很騷
又常常穿絲襪更騷了
剛剛朋友說女同事從他旁邊經過
聞到女同事的香味
說下面很硬
很想聞女同事的腳
不知道該怎麼辦
對了 有朋友想聞女同事的腳打手槍該怎麼開口的八卦嗎？","[{'tag': '→', 'userid': 'syntax123', 'content': 'https://i.imgur.com/YGIwTuY.jpeg'}, {'tag': '→', 'userid': 'lineage0916', 'content': '是你想聞還是你同事想聞？'}, {'tag': '推', 'userid': 'hat13201', 'content': '62歲是三小'}, {'tag': '噓', 'userid': 'thegreatlcx', 'content': '冒險'}, {'tag': '推', 'userid': 'Stelios', 'content': '佩琪63歲，差不多這樣的感覺嗎？'}, {'tag': '推', 'userid': 'fawangching', 'content': '瓦'}, {'tag': '噓', 'userid': 'userpeter', 'content': '噁... = ='}, {'tag': '推', 'userid': 'mamahow1487', 'content': '高齡化社會 連意淫都有老人臭'}]"
Re: [爆卦] Live 柯文哲大選政治獻金 一次澄清記者會,13,https://www.ptt.cc/bbs/Gossiping/M.1724917503.A.A4C.html,"作者quid1121 (小雞雞)看板Gossiping標題Re: [爆卦] Live 柯文哲大選政治獻金 一次澄清記者會時間Thu Aug 29 15:45:01 2024
記者問:4300萬的商辦為什麼登記在柯文哲的名下?

柯回答:登記在我名下 監督的力量才大


我一直在想比較現實一點的

當有一天民眾黨不見了 或 柯離開民眾黨後

那麼4300萬的商辦 還是柯的名下啊

簡單來說4300萬的商辦是柯文哲的

柯文哲現階段可以借自己的房子給民眾黨使用~


支持柯2028選總統 我要繼續支持阿北 繼續捐錢~","[{'tag': '推', 'userid': 'F93935', 'content': '堯堯好爽喔'}, {'tag': '→', 'userid': 'HJC6666', 'content': '財務長還會自己把補助款匯到阿北帳戶'}, {'tag': '推', 'userid': 'kairi5217', 'content': '阿北這個人比較直接 需要的 就買！'}, {'tag': '噓', 'userid': 'iamking05', 'content': '這回答真的超爛'}, {'tag': '→', 'userid': 'F93935', 'content': 'https://i.imgur.com/4yxw1Ap.jpeg'}, {'tag': '→', 'userid': 'kairi5217', 'content': '阿北需要小草 再抖兩百'}, {'tag': '→', 'userid': 'amare1015', 'content': '這句話真的超好笑 把洨草臉都打翻了XD'}, {'tag': '→', 'userid': 'elec1141', 'content': '柯傅堯：你們在吵什麼啦'}, {'tag': '→', 'userid': 'milkBK', 'content': '監督的力量大 然後先放假三個月'}, {'tag': '噓', 'userid': 'hosen', 'content': '滿口謊言'}, {'tag': '噓', 'userid': 'ladioshuang', 'content': '我看不懂這句話的邏輯'}, {'tag': '推', 'userid': 'andychang', 'content': '很有道理啊，用力監督第三勢力'}, {'tag': '→', 'userid': 'hosen', 'content': '私人財產，如果不是他犯罪，檢調也無權清'}, {'tag': '→', 'userid': 'iphone55566', 'content': '因為財務長+依黨章+自己匯錢過來'}, {'tag': '→', 'userid': 'kairi5217', 'content': '怎麼會？我看那群鼓掌的 一個個法喜充'}, {'tag': '→', 'userid': 'hosen', 'content': '查他的財產'}, {'tag': '→', 'userid': 'kairi5217', 'content': '滿 又儲值了一波信仰 每次只要兩百塊'}, {'tag': '→', 'userid': 'iphone55566', 'content': '所以最後還是在柯名下沒錯'}, {'tag': '→', 'userid': 'kairi5217', 'content': '很值耶'}, {'tag': '→', 'userid': 'yukimura0420', 'content': '那怎麼不乾脆給最愛監督的蔥仔'}, {'tag': '推', 'userid': 'teremy', 'content': '哈哈哈~如果是賴講這種話 不被噴死才怪'}, {'tag': '→', 'userid': 'hosen', 'content': '我猜消息都是檢調查出來，放出來的'}, {'tag': '推', 'userid': 'flavorBZ', 'content': '民進黨支持者超氣'}, {'tag': '→', 'userid': 'STi2011', 'content': '這句就自打臉阿 你的監督很大今天會這樣?'}, {'tag': '噓', 'userid': 'q1478584', 'content': '一間不動產要監督啥？ 怕長腳跑了？ 騙'}, {'tag': '→', 'userid': 'q1478584', 'content': '騙小草可以啦 想騙智商正常的一般人？'}, {'tag': '→', 'userid': 'Dhack5321', 'content': '實務上沒錯，白癡的是流把柄給人打XD'}, {'tag': '推', 'userid': 'nekoares', 'content': '你們省吃儉用捐的錢我都非常珍惜'}, {'tag': '推', 'userid': 'applebird', 'content': '所以有規定不能買嗎'}, {'tag': '推', 'userid': 'ralfeistein', 'content': 'https://i.imgur.com/8F7JZKD.jpg'}, {'tag': '→', 'userid': 'dandes0227', 'content': '謝謝小草出錢供養太子堯'}, {'tag': '推', 'userid': 'darkbrigher', 'content': '平常最愛講SOP 該怎樣就怎樣 現在?'}, {'tag': '推', 'userid': 'Pet', 'content': '幹 這個黨從上到下都一嘴幹話 XDDDDD'}, {'tag': '推', 'userid': 'sce76', 'content': '監督的力量現在要放假三個月了'}, {'tag': '→', 'userid': 'wr', 'content': '現在也是該怎樣就怎樣 該我拿的一塊錢也不准少'}, {'tag': '推', 'userid': 'lalabear520', 'content': '你可以捐給阿燦保釋呀'}, {'tag': '推', 'userid': 'hump', 'content': '超扯 如果其他黨這樣做 白會怎麼說?'}, {'tag': '推', 'userid': 'barkids', 'content': '你沒搞懂,終究是兒子堯堯的，財富自由ya'}, {'tag': '→', 'userid': 'Diaw0803', 'content': '靠 這超幹話耶 這只有超純的才會信'}, {'tag': '推', 'userid': 'zephyr105', 'content': '其他黨這麼做自己向支持者交代啊 乾白'}, {'tag': '→', 'userid': 'zephyr105', 'content': '的什麼事'}, {'tag': '推', 'userid': 'amig0123', 'content': '超智障的話 只要不是白痴都會放給黨'}, {'tag': '→', 'userid': 'amig0123', 'content': '他的選擇是用自己名義去買 沒人知道'}, {'tag': '噓', 'userid': 'ladioshuang', 'content': '可是這商辦現在是租給別人，怎麼監督'}, {'tag': '→', 'userid': 'mikiup0321', 'content': '這筆錢又不是小草供養給他的'}, {'tag': '→', 'userid': 'amig0123', 'content': '然後還說 屋主急著要賣 靠北 還買貴'}, {'tag': '推', 'userid': 'aqsss', 'content': '學賴 當第三勢力紀念館 不好嗎'}, {'tag': '→', 'userid': 'amig0123', 'content': '而且房屋現在還有租客 不能使用 ???????'}, {'tag': '噓', 'userid': 'yuusan', 'content': '還有下一句話 你怎麼沒打出來'}, {'tag': '→', 'userid': 'amig0123', 'content': '如果沒人爆料有這棟房 他要等明年才說喔'}, {'tag': '推', 'userid': 'demonh311', 'content': '原來阿燦是為了讓大家監督才把錢放家'}, {'tag': '→', 'userid': 'aventy1840', 'content': '自己人一群在那畫虎爛都不覺得丟臉實'}, {'tag': '→', 'userid': 'demonh311', 'content': '裡'}, {'tag': '→', 'userid': 'pita30', 'content': '台女：登記在我名下婚姻才有保障'}, {'tag': '→', 'userid': 'aventy1840', 'content': '在厲害'}, {'tag': '→', 'userid': 'amig0123', 'content': '跟8席立委說 大家聖誕快樂 有辦公室囉'}, {'tag': '→', 'userid': 's81048112', 'content': '如果你是小草 就會信了!!!!!!'}, {'tag': '→', 'userid': 'guanaco', 'content': '笑死XD'}, {'tag': '推', 'userid': 'sasaflight', 'content': '阿北好棒！阿北加油！'}]"
[問卦] 用請假來負責可以得諾貝爾獎嗎？,1,https://www.ptt.cc/bbs/Gossiping/M.1724917510.A.E68.html,"作者hydra3179 (掉兩枚紙板)看板Gossiping標題[問卦] 用請假來負責可以得諾貝爾獎嗎？時間Thu Aug 29 15:45:08 2024
平常在八卦的新聞文章

不管事件是公家還是私人企業

出事了之後用辭職表示負責

通常都會被鄉民酸說

拍拍屁股走人哪是什麼負責任的態度

如果現在改用請假幾個月以示負責

是不是鄉民就比較能接受

這種方法是不是可以得諾貝爾獎？","[{'tag': '推', 'userid': 'desirU', 'content': '不然整天被當標靶'}, {'tag': '→', 'userid': 'elec1141', 'content': '夾著尾巴逃跑'}, {'tag': '→', 'userid': 'winglight', 'content': '對嘛，應該像側翼一樣洗沒有錯，都阿'}, {'tag': '→', 'userid': 'winglight', 'content': '九的錯才對'}, {'tag': '→', 'userid': 'AntiqueTea', 'content': '去問宋楚瑜啊，選失敗他罰他自己去'}, {'tag': '→', 'userid': 'AntiqueTea', 'content': '美國反省，跟柯很像啊！'}]"
[問卦] 主管如果說要請假三個月怎麼辦？,3,https://www.ptt.cc/bbs/Gossiping/M.1724917597.A.A2E.html,"作者qwerapple (nomaman)看板Gossiping標題[問卦] 主管如果說要請假三個月怎麼辦？時間Thu Aug 29 15:46:35 2024
如題，就是阿

如果有一天，你各位的主管

說要請假三個月的話

那你各位會怎麼辦？

每天滑手機等下班嗎？

有卦？","[{'tag': '→', 'userid': 'fallinlove15', 'content': '代表不會淪為一言堂 覺得有問題 就'}, {'tag': '→', 'userid': 'fallinlove15', 'content': '接受黨內其他人審查'}, {'tag': '→', 'userid': 'eric999', 'content': '那個人是老闆  就算不掛董事長頭銜 大家'}, {'tag': '→', 'userid': 'eric999', 'content': '還是知道他還是可以管一切的老闆'}, {'tag': '→', 'userid': 'eric999', 'content': '一樓真是天真可愛'}, {'tag': '→', 'userid': 'eric999', 'content': '無論是任一宗教 教團裡面的有那個單位可'}, {'tag': '→', 'userid': 'eric999', 'content': '以審教主？'}, {'tag': '推', 'userid': 'IAMQT', 'content': '董事長可以換人啊'}, {'tag': '→', 'userid': 'eternal5429', 'content': '賴有很久不進議會'}, {'tag': '→', 'userid': 'St3480', 'content': '你前主子蔡英文之前請745天 你幹嘛去了?'}, {'tag': '→', 'userid': 'eric999', 'content': '雲台灣人不知道蔡英文當時天天跑行程 電'}, {'tag': '→', 'userid': 'eric999', 'content': '視都看得到 只有雲台灣人不知道'}, {'tag': '推', 'userid': 'St3480', 'content': '還在看電視 難怪塔綠斑 三民自真有用'}]"
[問卦] 東京大學資工研究所 當鋼琴家是人生勝利,1,https://www.ptt.cc/bbs/Gossiping/M.1724917599.A.057.html,"作者oftisa (oo)看板Gossiping標題[問卦] 東京大學資工研究所 當鋼琴家是人生勝利時間Thu Aug 29 15:46:37 2024
https://youtu.be/8sJCPuweieA?si=x8y3shmOGoSU5cnK
https://youtu.be/zkFhdSizklw?si=2w_W9sNSvc5Ga-lx

角野隼斗，藝名Cateen
最早知道這個人是他跟milet在The First Take上的合作
以為就是個藝人，沒想到是鋼琴家

最重要的是現在才知道他是
東京大学工学部卒業
東京大学大学院情報理工学系研究科修士課程修了

所以沒畢業，但是相關知識應該掌握了，
之後還在法國媒體聲音研究中心（IRCAM）學習六個月的音樂資訊處理技術和人工智慧

以鋼琴家為目標的人，有沒有拿到資工的學歷已經不重要
這樣的知識已經屌打大部分音樂界的人了

根本一片坦途，人生勝利組
還跟令和三歌姬之首milet合作，更是勝利中的勝利

有沒有角野隼斗 Cateen的八卦？","[{'tag': '→', 'userid': 'a3pa3p', 'content': '修了就是畢業了吧 這是大學院專用詞不用卒'}, {'tag': '→', 'userid': 'a3pa3p', 'content': '業'}, {'tag': '→', 'userid': 'i386', 'content': '我認識一個東大工學系畢業的打快打拿冠軍的'}, {'tag': '→', 'userid': 'class21535', 'content': '我認識一個慶應畢業跑去做遊戲的'}, {'tag': '推', 'userid': 'TakeokaMiho', 'content': '他去蕭邦鋼琴大賽還晉級到三輪 很有'}, {'tag': '→', 'userid': 'TakeokaMiho', 'content': '實力'}]"
[問卦] 麻雀學園除了「卒業篇」還有什麼篇,4,https://www.ptt.cc/bbs/Gossiping/M.1724917631.A.3FE.html,"作者Supasizeit (Shitpost King)看板Gossiping標題[問卦] 麻雀學園除了「卒業篇」還有什麼篇時間Thu Aug 29 15:47:09 2024
麻雀學園

是卡普空製作的一款健康益智遊戲

祕技是在丟骰子時按住I、K、N

然後就會拿到大牌

接著就可以欣賞各種仿日本藝人繪製的圖片

因為要對決很多學生跟老師還有校長

所以叫卒業篇

但為什麼特別叫卒業篇

有其他篇嗎

有沒有八卦

本題限45歲以上回答","[{'tag': '→', 'userid': 'syntax123', 'content': '女子寮篇'}, {'tag': '推', 'userid': 'phantasystar', 'content': '樓下看巨乳學園尻尻'}, {'tag': '推', 'userid': 'starfuck', 'content': '有內射篇'}, {'tag': '→', 'userid': 't00012', 'content': '學園長復仇篇'}, {'tag': '推', 'userid': 'SSglamr', 'content': 'H連打'}, {'tag': '→', 'userid': 'sce76', 'content': '樓上專業'}, {'tag': '→', 'userid': 'DragonQuest', 'content': '4樓正解'}, {'tag': '推', 'userid': 'moebius2', 'content': '第一關妹子反而更正   狂按H 就是為了看'}]"
[問卦] 好苦惱！大家都有在繳國民年金嗎？,6,https://www.ptt.cc/bbs/Gossiping/M.1724917646.A.ABC.html,"作者argmax (阿葛麥斯)看板Gossiping標題[問卦] 好苦惱！大家都有在繳國民年金嗎？時間Thu Aug 29 15:47:24 2024

餓死抬頭
本肥失業
最近在研究要不要繳國民年金","[{'tag': '推', 'userid': 'johnny9667', 'content': '有'}, {'tag': '→', 'userid': 'fishouse', 'content': '不用繳  智商稅'}, {'tag': '→', 'userid': 'fallinlove15', 'content': '不繳垃圾'}, {'tag': '推', 'userid': 'serpei', 'content': '傻了才繳'}, {'tag': '→', 'userid': 'rb731024', 'content': '貪婪老人很樂意你繳錢'}, {'tag': '推', 'userid': 'davidiwj', 'content': '失業稅，不用繳'}, {'tag': '推', 'userid': 'fatcat1022', 'content': '有錢就繳 沒錢就算了'}, {'tag': '噓', 'userid': 'q210216', 'content': '幹你垃圾畜生失業懲罰金繳個屁!='}, {'tag': '→', 'userid': 'Aso', 'content': '沒老婆 沒打算結婚就不用繳'}, {'tag': '→', 'userid': 'whitefox', 'content': '最近一直在發錢,想吸引人去交錢'}, {'tag': '推', 'userid': 'Jkyzer', 'content': '繳這我不如拿去捐=='}, {'tag': '→', 'userid': 'nekoares', 'content': '不要付他也拿你沒皮條'}, {'tag': '→', 'userid': 'nekoares', 'content': '就是會一直寄信羞辱你而已'}, {'tag': '→', 'userid': 'Stelios', 'content': '十年寬限期不使，慢慢繳啊'}, {'tag': '→', 'userid': 'a7788783', 'content': '單子寄來就是直接 撕掉'}, {'tag': '推', 'userid': 'caity', 'content': '那是勞保1.9萬，跟國民年金一點關係都沒有'}, {'tag': '→', 'userid': 'caity', 'content': '你沒有看清楚文章在寫什麼'}]"
